x1,x2,x3,x4,x5,x6,x7,target
-0.0379716395183653,0.02949582193425319,0.7299369111252969,-0.18628792557795598,0.006453447524718885,0.8543634537626811,,1
0.07993415137186287,0.032221707208253104,0.1989236187084815,0.934653938830374,0.47762159229444184,0.4460085410712238,0.9667750197591857,0
0.004586856340159585,0.07839351248578659,0.5234150912730675,0.6387588951105816,0.40203836431208007,0.7234743197053144,0.7992239330191393,1
-0.2363395104661242,0.2031551328872485,-0.49771541007057163,0.5430633408216994,0.2434555689350254,,0.7369283145745584,1
-0.025206227148163143,0.22807384144869525,1.048510287689533,-0.05877676293376656,0.003454502691581392,1.0239679134081952,,0
0.16123795296066598,0.02331631936132738,0.35117934436269194,0.614084975113645,0.13355695930961164,0.5926038679950477,0.7836357413452024,1
0.05010132652811814,0.31819751632329435,0.8338846093849127,0.7015864852658349,0.29352470368037337,0.9131728255839158,0.8376075962321706,0
0.009997114428671077,0.6581305768379843,1.019110078103866,0.01684583493477377,8.223785109650858e-05,1.0095098207069935,0.12979150563412759,0
0.004422968201969786,0.021026224386608373,0.26374397245166853,0.7824474124982537,0.2473567792776468,0.5135600962415874,0.884560575934884,1
-0.2638689211311425,0.02274480331490484,-0.3048852374376142,0.9508838596847007,0.8439198525052963,,0.975132739520472,0
0.09746241315940223,0.08811412960050295,0.462136061553756,0.5189754773967205,0.2193260962239169,0.6798058999109643,0.7203995262329927,1
0.06897616641796828,0.2916039308692269,0.621829464910025,0.6254359130705085,0.33900579481794846,0.7885616430628775,0.7908450626200485,1
-0.1599330306791585,0.032149610967104024,-0.1987089368568803,0.9838559510491901,0.6332615591788647,,0.9918951310744448,0
0.19300023357392662,0.26041786009911405,0.5254719070055038,0.5695643134742225,0.16318419546913873,0.724894410935485,0.7546948479181652,1
0.2519568418466787,0.6121504487927996,-0.7950450800989239,-0.5658336781528103,0.023986450941256777,,,0
0.030097291606222442,0.012727765758872982,0.1399216622015962,0.8827461321320109,0.36358416686026657,0.3740610407428127,0.9395457051852298,1
0.21522841664572012,0.15396665869665846,0.9656135247550304,0.36372554595241324,0.0849242732476274,0.9826563614789406,0.6030966306923072,0
0.07413508675763353,0.0037780401938189764,0.19935002112421618,0.7925942098260172,0.5115584254702971,0.44648630564017994,0.8902776026757144,1
-0.005778543788671323,0.2706529036473,-0.637117342064059,0.5387000960708834,0.09282941935308621,,0.73396191731648,1
0.004621174661721985,0.27091486392273084,0.9815476779235084,0.017111634568931212,9.971117164360475e-05,0.9907308806752257,0.13081144662808072,0
-0.029265459312810962,0.033721177020970106,-0.259488464497809,0.6897937927268545,0.049960111158545914,,0.8305382548244569,1
0.046048654273719326,0.026573129620973013,0.16455755691084664,1.0273751517006005,0.42344825596539226,0.4056569448571621,1.0135951616402874,0
-0.42925574073024925,0.18618068188787548,0.8600678720691209,-0.5833673680044307,0.32462125487007454,0.9273984429947685,,0
-0.09461569072569224,0.06993178918631072,-0.8267414632876777,0.4204541838999888,0.04081529341776742,,0.6484243856456887,0
0.3543882480416713,0.2888360142054302,-0.7951071270977688,-0.6343701198041164,0.3113034505204204,,,0
0.12173624194776105,0.15838142208446152,0.8420576636878232,0.2669305400183041,0.035009731859069915,0.9176369999557685,0.5166532105951768,1
-0.03139917078476345,0.220322493099433,-0.9348575295033634,0.20962260969552354,0.01594664191619105,,0.4578456177528879,0
0.11917847053399327,0.21042623982064995,0.4880986164017344,0.9064618198888126,0.6348503748792825,0.6986405487815135,0.9520828849889135,0
0.19409897895343667,0.001251647788633409,0.3341573212701936,0.6859635505763743,0.20936842733973882,0.5780634232246438,0.8282291654948974,1
0.00012317590118271808,0.00021527360408600475,0.051878372838562864,0.8481485873772223,0.13753724266947084,0.2277682437008348,0.9209498289142696,1
-0.016183346602515476,0.3979415985448053,0.9940056970804532,-0.22417736392362866,0.027692742944569113,0.9969983435695634,,0
-0.015212949561242918,0.3035294599059571,-0.7937885405275804,0.2258733825787176,0.04620685638210066,,0.4752613834288639,1
0.03617889938567879,0.08795843592942912,-0.35576544575980684,-0.7703530114273325,0.1518930860160075,,,1
-0.02565852203793603,0.5178630422627402,0.7316253056306009,-0.38607751316620625,0.018113227036844957,0.8553509838835757,,1
-0.04594646487256729,0.005664551575355697,0.09443159514677511,-0.7987835825385913,0.10562036196615406,0.3072972423351292,,1
-0.1378515381156502,0.05219929499981111,0.7398295717799601,-0.3432434858277995,0.038636034682818565,0.8601334616092785,,1
-0.02936229784324548,0.05055782117996405,-0.4761808104543454,0.6703811125292293,0.202766923933159,,0.8187680456205099,1
0.23303846917983154,0.21543978106152778,0.5274836563372094,0.7511687715599276,0.16120579481441996,0.7262807007880695,0.8666999316718142,0
0.25836427662291706,0.0022629964827498043,0.5882147232007431,0.444181046103,0.09954502775144917,0.7669515781330286,0.6664690886327738,1
0.004321721940281323,1.0869501646138826,1.057582442559122,0.005259717769054019,2.3081883968657792e-05,1.0283882742228843,0.07252391170540941,0
0.07431558076034826,0.22463227092121552,-0.6980567601831137,-0.44821234440527874,0.028540080468581787,,,1
0.049071378649021266,0.18044542667139046,-0.5516586739697252,-0.7609106176554501,0.5783528566980874,,,0
-0.0059534886548846,0.2508593956161813,-0.7519999683740886,0.6423846295340554,0.2198156401327435,,0.8014890077437465,0
0.08799003838588357,0.31863597061578863,0.7319397288718731,0.3403765658898815,0.04129956596417442,0.8555347619307313,0.583418002713219,1
-0.06802999435010473,0.010897649395263923,0.8147072793412259,-0.1217185750255532,0.009635628724903514,0.9026113667250296,,1
0.29936471812598753,0.31388621842272774,-0.6792781185079734,-0.7477490739253592,0.06983226451399309,,,0
-0.014337726091699848,0.006961267009845758,0.10562853175321613,-0.7502624273273029,0.42915877750400366,0.3250054334210678,,1
-0.11051880374126713,0.12107088816358544,0.8620995837622523,-0.20496153823292268,0.0034569674008324888,0.9284931791684052,,1
-0.0876656988662229,0.6110111229956414,-0.8004170073081428,0.6560615091392223,0.1334744712384838,,0.8099762398609124,0
-0.23576265912580632,0.07856150992237501,-0.297648582021604,0.8829176118682648,0.47009354596219277,,0.9396369574831892,0
-0.05477171510925915,0.03598700977529335,1.0506563976087433,-0.10433329341695559,0.005392980834306208,1.025015315792278,,0
0.08894394093487586,0.42301300887708704,0.7898100995674275,0.6904378474007273,0.16601820113547006,0.8887126079714563,0.830925897659188,0
-0.23301718641328098,0.15424155989843338,0.4030106707399642,-0.7380012009445144,0.29867076133730885,0.634831214371162,,1
0.08913325690345335,0.5024510732835915,0.8041212498052324,0.11744746180463433,0.0050107143651586875,0.8967280801922244,0.3427060866174313,1
-0.02949855212586794,0.4728832844033751,-0.9497575261462532,0.2402576834167337,0.007312340562344468,,0.4901608750366901,0
-0.3362051774591443,0.18045279033992043,0.6696215109833312,-0.6143386359106092,0.33807041110657476,0.8183040455621194,,1
0.06962102796750066,0.008246390544531048,0.0931101473617429,0.8195316433041783,0.1930536493315409,0.30513955391221065,0.9052798701529701,1
-0.03818492702794626,0.5461072205951378,0.7799834482044207,-0.06914719164611133,0.0012028542924322062,0.8831667159740684,,1
0.06929319684812606,0.2726856235888307,0.9930683386838146,0.1518525050100447,0.01440386696080959,0.9965281424444643,0.38968256954865804,0
-0.12778745520773913,0.2613283176730062,0.7182171591790256,-0.21380157922540025,0.016082610721121136,0.8474769372549471,,1
0.08871702660540602,0.02132939058872431,0.15894229910830432,0.9971526127344611,0.3171602620077232,0.3986756816113874,0.9985752914700329,0
0.06820385326990518,0.020432962045368694,0.15026837985504923,1.0896755472655926,0.7413115784893551,0.38764465668321707,1.0438752546476004,0
-0.026395548880423964,0.00750415184651713,-0.10848886712004023,0.843404731456632,0.03430548712012679,,0.9183706939230106,1
0.2811284163247557,0.39546532669680595,-0.6388522701453951,-0.8522356492645489,0.5297535625323042,,,0
-0.035406217482277146,0.006324801147473534,0.19195552415293604,-0.7707398021542349,0.12486509834099872,0.4381272921799509,,1
0.47759794803019306,0.0796225545492358,0.7170202340114205,0.6926790163886252,0.4720543942261105,0.8467704730394302,0.832273402427727,0
0.22200568003662818,0.08496265244464028,-0.3489854956713414,-0.7785959999432575,0.530023596080366,,,1
-0.21816864268934905,0.9669171397703067,1.0719999121024266,-0.20684873118465494,0.026530616630081893,1.035374285996338,,0
0.005656047662587121,0.0004887046730056582,-0.03132522921965559,-0.9125843299913732,0.588154543624339,,,0
0.3100237971521657,0.21502093386784063,-0.4659098921369266,-0.8381860958787011,0.5110987290151008,,,0
0.0691080749634872,0.3246156951459573,1.0390306333274517,0.1976046577587719,0.03124936397843334,1.0193285208054623,0.44452745444884717,0
0.20329697866635765,0.011577264666515529,-0.46947253328980776,-0.5565530140633727,0.10698429444944002,,,1
0.23591962485082055,0.09179224775430156,-0.3530734463778249,-0.9518163325914397,0.2644861511016541,,,0
-0.001384544522783975,0.8508451145425049,-1.0140962138901175,0.001973793470994155,1.6298419201127575e-06,,0.044427395500908615,0
0.020887059946943384,0.09738683179522559,-0.7267026281974347,-0.08840977213259071,0.006437163022851094,,,1
0.4231498771790067,0.29866171403522324,0.8055775296050467,0.5712031651910656,0.261539107458113,0.897539709207925,0.7557798391006905,0
-0.08584474627368506,0.011332629582407178,-0.14915669587242306,0.7425787145149845,0.3632597984980806,,0.8617300705644341,1
-0.07148319203656552,0.24593937626629273,0.8491828011003405,-0.21257554942399476,0.0203480526346676,0.9215111508279976,,1
-0.028638394221014767,0.003387586179132455,-0.08104935461162119,0.7554365803296801,0.09123151205051674,,0.8691585472913904,1
0.33193089613257665,0.1342300932546822,-0.7963892428967342,-0.4963781534066052,0.18660972924092775,,,0
0.06930650288869424,0.07499277288576117,-0.31286178236039414,-0.9544124268835923,0.47996105523239235,,,0
-0.275167681937471,0.38343476812321614,0.975311119623132,-0.3845829056605563,0.12119030543682854,0.9875784118859282,,0
-0.15051616343373003,0.3265508015814585,-0.6561973789662744,0.5433257575539349,0.16195624418023735,,0.7371063407364875,1
0.1281576722206823,0.516157862683662,0.8225890951151161,0.20714016230249677,0.031923851702512725,0.9069669757577263,0.4551265343863141,1
-0.013726854137384337,0.005623713906802867,0.08861936585141339,-1.0190286494584264,0.39864294035254444,0.29769004997045734,,0
-0.1912915352766011,0.40843319531883926,-0.6891005720974591,0.4150820071273345,0.13660275641387756,,0.6442685830671355,1
0.3181411457215202,0.20819554228314058,0.4579086575755162,0.9160925204959972,0.4989896375060092,0.6766894838665044,0.9571272227326926,0
0.29776903000661475,0.09738009787534185,0.5363836594393407,0.7848968386079166,0.0898264547059823,0.7323821812683189,0.8859440380791084,0
-0.24974642358726387,0.11485796600074147,-0.5833545118419476,0.5090193328255771,0.041040731675457576,,0.7134559081159656,1
-0.013815249789450744,0.0023876724945979984,0.04985027881205492,-0.9390844050004167,0.2593498740243092,0.22327175999676924,,0
-0.047778275246733705,0.06235742390580948,-0.298471585201265,0.9446559104928937,0.8134405875336592,,0.9719341081024442,0
-0.20383203924413096,0.07943527237656307,-0.3792995580819841,0.7358861520165172,0.5222224469539897,,0.8578380686449613,1
0.07935148270176538,0.030597331398768406,-0.2157416065358663,-0.9711028524405644,0.8512005482049413,,,0
-0.18045224782277391,0.1772966998368619,-0.6573088033777272,0.3477309454993644,0.06373930453810925,,0.5896871590083714,1
-0.4112675047434999,0.3687137279482406,-0.6119198563349972,0.7619561997489168,0.23571310845127566,,0.8729010251734826,0
0.1914299187370082,0.24940761940145,-0.7187502773815537,-0.7419074546396216,0.2806109083720711,,,0
0.18638052175648118,0.3877297753184714,0.7295852385423194,0.3207774586865254,0.054457028660142126,0.8541576192614098,0.5663721909544336,1
-0.14082305710843301,0.22242756231225821,-0.6685975262019418,0.4650349804045809,0.03542673128024147,,0.6819347332440113,1
-0.015733311609091364,0.4024889558536911,-1.103304695136131,0.12933820805105362,0.00439138660916478,,0.35963621626729086,0
0.29006972964698435,0.07456872510672813,-0.803214100953017,-0.5438459401068666,0.24580925101102713,,,0
0.24264918288523166,0.02793958947014997,-0.5011607976711536,-0.7528656495923245,0.44613489901427084,,,0
-0.30160919243375345,0.14629931338953184,-0.770529766966492,0.6780540332579501,0.20779981762956568,,0.8234403641174934,0
0.03151430825385248,0.5600122090442864,-0.9489843853901616,-0.35316641082147165,0.11964722208909953,,,0
-0.25839766651031587,0.1969740853163594,0.5127230047793067,-0.6677945005446417,0.29574713409977366,0.7160467895181897,,1
-0.09306152565693136,0.013622602465996362,0.25114189765310274,-0.80702701229863,0.1504662288830615,0.5011405966922883,,1
-0.13833306139531176,0.5134008253911928,-0.8742876805351987,0.3811212509094022,0.12846674618237106,,0.617350184991794,0
0.03312094259170781,0.002727267123998626,-0.07069931665315904,-0.9641635289572928,0.1256682711434165,,,0
0.01711418084621484,0.013035800524214818,0.13253870260098835,0.762924799262099,0.3811205467051038,0.36405865269347515,0.8734556653099795,1
0.0005216031388703133,1.1386486212388014e-05,0.003927793547021064,1.0973875173743224,0.8170829578883755,0.06267211139750331,1.0475626555840574,0
0.00573036902213149,0.7476973235365383,0.9625552979392136,0.381961413938646,0.14449355561264338,0.9810990255520661,0.6180302694356046,0
0.1390454900508146,0.04464304163134188,0.3249831529659504,0.7124844160407143,0.3401919192035867,0.5700729365317655,0.8440879196154357,1
-0.36525456116983335,0.04344439580225168,0.5790175132845112,-0.7411580188685669,0.34197577733954515,0.7609320030623704,,0
-0.07896018972427038,0.01489186313000874,-0.6480213461849597,0.471079768645006,0.06082853310244626,,0.6863525104820453,1
0.2429245281377128,0.21487958080982,-0.5486358082073491,-0.6491671234323129,0.16306147944892035,,,1
0.011896418840797536,0.45309715955984564,0.7913724814047637,0.16023455963665353,0.021770031952485093,0.8895911877962617,0.40029309216704395,1
0.18378471881221436,0.004718451071816642,-0.24620057577406387,-0.8172338136824844,0.5176914384056472,,,1
0.10801265628506246,0.8734420276573185,-0.9803334726988792,-0.1925279464648223,0.01885430224799259,,,0
-0.15129160206928277,0.09772530735978874,-0.3150801521542423,0.711589907518925,0.49904862192442445,,0.8435578862881462,1
-0.06195377486375775,0.10349056149848457,0.32325193992205525,-0.9587787297180667,0.3948933954607311,0.568552495308969,,0
0.014085581083745058,0.0007013422696709616,-0.028731256592558364,-0.7864117559209357,0.26123375928753,,,1
0.07205205414074324,0.513485769998153,0.8433655689959441,0.10132558041394396,0.010055630512103082,0.9183493719690475,0.3183167925415559,1
0.08653147555316593,0.31497360168631067,-0.7172420638874017,-0.4106063994431206,0.11928802222627374,,,1
-0.07049724810520203,0.008584142579060025,-0.10135262259052032,0.9648116732717631,0.9035003419779929,,0.9822482747614083,0
0.06996989029556619,0.002736692522982724,-0.0995925411966753,-0.9445919520300876,0.28991088265140474,,,0
-0.042215476204174485,0.1321345134790411,-1.0220953892505262,0.07712555271372042,0.0009427833272609242,,0.2777148766517927,0
0.09724435230427797,0.17581077609181855,-0.5864012873778002,-0.5008612901658831,0.07353903196120046,,,1
0.018965139021960568,0.08836043991218832,0.3823509117572375,0.6412025460300844,0.038208291838466676,0.618345301394971,0.8007512385442088,1
-0.08850279020316089,0.03136380808935548,-0.28323376554670876,0.7467701460144442,0.4700071001564135,,0.864158634750845,1
-0.0247711086948205,0.25650699401776134,-0.5244635687079932,0.6063140764367925,0.1501442700809125,,0.7786617214405704,1
-0.026153182905704703,0.22899091338451724,0.798367483091791,-0.13935614892559847,0.009706011557330297,0.893514120253167,,1
-0.08412602262162504,0.016976398462584693,0.5019552060796035,-0.6050454998867694,0.019363451984121267,0.7084879717254228,,1
0.0301327829898812,0.2764098725674366,0.796737253279747,0.05936535834673892,0.0026197932921444437,0.8926013966377977,0.2436500735619403,1
-0.12725941210919203,0.020211758380888626,0.16656330321121426,-0.7722319446379486,0.2606240112434481,0.40812167696805113,,1
0.012333590132186002,0.3933322270138128,-0.7661842926898389,-0.1099248172992178,0.0005708751669906021,,,1
-0.11380086245376635,0.05354546608528792,0.39437851888220626,-0.6846601831443442,0.3062827765574258,0.6279956360375495,,1
0.018173272081020358,0.009190801947403777,0.1037104974017675,0.8306126201524928,0.4767507523716555,0.32204114240538817,0.9113795148852605,1
0.060867557766845076,0.11866958365866008,0.4570507337540418,0.9175064784458881,0.36938842284865436,0.6760552741855076,0.9578655847486578,0
0.04132420437179827,0.0013013320247606164,0.0787451271914499,0.8346597883822378,0.34745582844053796,0.28061562178797156,0.9135971696443886,1
0.23400029653148272,0.0331920634596421,-0.29340323436635435,-1.0005425131443293,0.9346999976387856,,,0
0.17488206937886022,0.22055470304498984,0.5654988250943941,0.6289529211587359,0.07990708747889708,0.7519965592304223,0.793065521352893,1
-0.056882633427925225,0.009406110623636898,-0.14116842069754662,0.9971531293807588,0.15103413790647166,,0.9985755501617085,0
-0.4577317553711669,0.21158240299978587,-0.5075585899646738,0.9472100048756713,0.6317062178981593,,0.9732471448073564,0
0.21639376846333735,0.11310009991960991,0.6338431825578137,0.38753699812342723,0.14700414527205655,0.7961426898225051,0.6225246967979883,1
0.012410622431769424,0.024549739890178595,-0.18718913709034354,-1.046514077421486,0.13289931566639868,,,0
-0.3927805054270884,0.3339101143810708,-0.6088024252775421,0.7440817268581216,0.4089040521144761,,0.8626017197166498,0
0.03239089343950902,0.006147340197935767,-0.09741660064347862,-0.8377244306711663,0.41587274366360794,,,1
0.1968872532989475,0.4150697634119209,-0.6593059880722231,-0.7115994125755856,0.4039716834298205,,,0
-0.26043371921678987,0.2805177596793721,0.6972635625022398,-0.41316100526361654,0.15166615559748903,0.8350230909994284,,1
-0.2797019865846708,0.026329922829375272,-0.5878456096090231,0.587024496676838,0.23531527681693917,,0.7661752388826188,1
0.18751727937540813,0.03281768501731678,0.44761945359252014,0.8778580113488763,0.3375178728982116,0.6690436858625303,0.9369407725939117,0
-0.01653347709214961,0.011249028907295892,-0.1762824962504247,0.9805120547634617,0.128852957012939,,0.9902080865976917,0
-0.08744268428355524,0.11147298300165176,0.3707725531670491,-0.9162099390975296,0.6157835185196368,0.6089109566817213,,0
-0.11524563473006372,0.050596933506007365,-0.9647034668861222,0.1546104953600631,0.006483592471804202,,0.39320541115308055,0
-0.007473494528501012,0.014844736258433489,-0.17438608249868048,0.7696281206444042,0.13384333181078256,,0.8772845152197799,1
-0.29166325619318895,0.029985426062788787,-0.7235832363521955,0.6573227699195853,0.09502048915323258,,0.8107544448965947,0
0.005995220490518466,0.47277438874833466,0.9439789104941926,0.03017469823528382,0.0008260156082859641,0.9715857710435001,0.1737086590682336,0
0.07237125005300411,0.25403754340809853,0.7827265860385358,0.25193893828404507,0.06317511492577298,0.8847183653788,0.5019351933108945,1
-0.18844058130297384,0.5757005987904315,0.9163095154757792,-0.3626446512569428,0.09273119087203169,0.9572405734588245,,0
-0.12644274593120677,0.08069807932127282,-0.5996786307755076,0.8911904539422967,0.36720881416830614,,0.9440288416898589,0
-0.29518746300780796,0.25417657402180677,-0.923188809284505,0.4085751879896918,0.04003977182260527,,0.6391988641961841,0
-0.45882349168332803,0.48643493330243937,0.7644976935449915,-0.6883976881405489,0.05432933160343777,0.8743555875872193,,0
0.060476770605288645,0.4607023886839219,-0.6820898013764713,-0.464238979703965,0.08637858374809514,,,1
0.12026988678481836,0.0673304022172809,-0.7950161451352794,-0.41993242677995,0.025510996213314027,,,1
0.005146410601354995,0.5061414746587163,-0.9624334582832755,-0.018264606010788928,0.00015701961664567904,,,0
0.020253996909556524,0.005222911248230566,-0.09832255188741322,-0.9961607598873298,0.8214762837308437,,,0
-0.15201089013175498,0.1771950303509273,0.7288619548158926,-0.4036131446492651,0.00608291000388877,0.8537341241955205,,1
0.18674370795445133,0.12369096052619794,0.45244844393785233,0.8471644553789602,0.2729790559125322,0.6726428799428805,0.9204153711118477,0
-0.21851589666107663,0.3041049644347688,-0.7401132258173827,0.6735929146436616,0.15552693074685575,,0.8207270646467445,0
-0.0030612815203412153,0.5596280959118547,1.0623216089468297,-0.03664061855758247,0.00019281686588927042,1.0306898704008056,,0
-0.1734949339128841,0.05308730806900161,-0.24387368686782657,0.8862653233012486,0.12117176096439326,,0.9414166576501866,0
-0.09136501531575182,0.08986942603326831,-0.49828385170201084,0.5210577819821656,0.09517436082216871,,0.7218433223229024,1
-0.055457937310763414,0.21350506458645624,-0.8008613816202539,0.08950237307871495,0.0030572823850037343,,0.2991694721703987,1
0.013290861376797363,0.16669977880083234,0.8412481671198818,0.6278007774855987,0.016703954199839506,0.917195817216739,0.7923388022087513,0
0.04330810811004127,0.02672910560805787,-0.21714584545963472,-0.6615303135963465,0.13826799681120294,,,1
0.24126943322843517,0.02359496462070658,0.3719755321253205,0.6926859786440163,0.3960557925770774,0.609897968618785,0.832277585090465,1
-0.027654330512465627,0.07721739016806341,0.3029755713108064,-0.8063047112286995,0.09647573468908835,0.5504321677652991,,1
-0.012191651828145446,0.3229576104493651,0.790104403061748,-0.6582168380459785,0.22024069915173164,0.8888781711020628,,0
-0.09678051133938359,0.6291257697557182,-1.0085217169632088,0.10949547577879512,0.00213213119391939,,0.3309010060105516,0
-0.06933952232257816,0.015214822265840533,0.13670042215884506,-0.755340054415478,0.5301622651298887,0.3697302018483817,,1
0.021587160672212436,0.0048159566254168725,0.09850756607229631,0.8289650208050474,0.35800499343404657,0.31385915005348547,0.910475162102211,1
-0.178313278825362,0.04714757589485552,0.3888374454359407,-0.6984150345812461,0.16003122076261533,0.6235683165748086,,1
0.1466815803045338,0.4813165789062744,0.8211171283044991,0.29118286331793425,0.001977480135157922,0.9061551347890157,0.539613624103334,1
0.1634967603329044,0.4297979213569416,-0.8932734219648634,-0.31295160860155713,0.051130515981636926,,,0
-0.23280514507467429,0.44474752282257607,0.7105198604994862,-0.4078792565416967,0.12548060193060576,0.84292340132392,,1
-0.15696811551152212,0.524220969401783,-0.991937449548247,0.2741903331114453,0.010059627541201684,,0.5236318679296031,0
0.09895695180043744,0.2881838374645849,0.5567477585394738,0.4332916249171233,0.1773833898340181,0.746155317973057,0.6582489080257735,1
0.20238406819821836,0.7155003391050478,0.8903688221944315,0.27257304709985436,0.07096850492735549,0.9435935683303651,0.5220852871896069,0
0.4852477532738441,0.10189281664798476,-0.7372544378513458,-0.7414218600698479,0.28900259392012795,,,0
0.03835727570036525,0.5282858069936648,-0.8028486086532941,-0.5594357809640902,0.05376606017280645,,,0
0.01391590885704396,0.7892932513154571,-0.8990391299740214,-0.04315708077935305,0.0002441417723685576,,,0
0.2972715698672293,0.1954035864435536,-0.58939361859189,-0.5580858132372809,0.2942655212686178,,,1
0.024872099888879187,0.019934391376853728,-0.17997073391379778,-0.7138047669915828,0.270852692774821,,,1
-0.40125763270600423,0.5243860873960605,-0.7325308114192939,0.6023312907376797,0.23043120517531462,,0.7761000520149961,0
0.3400222135288132,0.003606068038664416,0.4571083006724508,0.9143159640471034,0.6841947040725782,0.6760978484453642,0.956198705315534,0
-0.13524813001446193,0.1547244865806874,-0.5668051399083895,0.5970011438509935,0.26846724030882063,,0.7726584910883938,1
0.03151256360449639,0.2767821491736579,0.637765927539704,0.6322129577330698,0.03015504607760244,0.7986024840555556,0.7951182036232537,1
0.12637865716676272,0.0627741345025652,0.944327358052975,0.31210602629940176,0.0721092323054929,0.9717650734889451,0.5586645024515177,0
0.21443254701593648,0.18867515204721036,-0.642845178798512,-0.40846496161209633,0.059261885740771694,,,1
0.010315028159965073,7.815878912424423e-05,0.052349380706274255,1.0532242476388702,0.7003162116774794,0.2287998704245137,1.0262671424336212,0
-0.008479965101054174,0.08164753425777656,-0.33208697862818193,0.7123887880752671,0.20680496808952664,,0.8440312719770915,1
0.12553133918093828,0.4971409427602105,-0.8151512709501665,-0.26335233659323987,0.012335242611854279,,,1
-0.019672275456700878,0.09991059401765506,0.46821741229680996,-0.6492551574889371,0.291743872955313,0.6842641392743083,,1
0.14960011532087183,0.6410900295221709,1.0242535085297926,0.2069245459677432,0.031120046010544584,1.0120541035585957,0.45488959755938935,0
-0.07061307202629002,0.44057841413446514,0.8860316080204776,-0.2216433947403305,0.020444821067910075,0.9412925199004174,,0
-0.3442527393323556,0.3595689544563457,0.8164793337977209,-0.7076328827191112,0.2668941062380541,0.9035924600159747,,0
0.020040376828715335,0.34297300848040413,-0.6254033699483443,-0.4416558399913094,0.09616909529675115,,,1
0.22565879493952007,0.15417210040051538,0.5065696436291948,0.642700664173657,0.18862269208574586,0.7117370607388621,0.8016861381947782,1
0.25053087555987225,0.06151589565604082,-0.3218094562086139,-0.9164002473101336,0.2528663573940214,,,0
-0.2983209257929896,0.8028330171114882,0.9110228928059918,-0.5502623943163415,0.04686794093739638,0.9544751923470781,,0
0.053316269619347864,0.4867974784203374,-0.8062249539332048,-0.06915424374570156,0.0013922085576883588,,,1
-0.022383391306140015,0.05853184483146571,0.38348183785703605,-1.0059335145441703,0.454768018715691,0.6192591039759012,,0
0.26415799630476444,0.022263618596009765,-0.3596259363187536,-0.9439108474085418,0.706409151592696,,,0
-0.04457574616741023,0.013000005624119898,-0.26226972116369884,0.6889554686122896,0.18833806409871176,,0.8300334141540867,1
-0.0251903669548029,0.0005914274387984296,0.4144363848695849,-0.6387469693192833,0.32420968203253536,0.6437673375293165,,1
0.005889873457648118,0.0006729917515789042,-0.03510777063701227,-0.7756052717282638,0.12446599834982428,,,1
-0.16565928631306642,0.3328714575980908,-0.5789282524048325,0.6272997567259124,0.3556146979102993,,0.7920225733689112,1
-6.682213289635678e-05,0.11609374315949617,0.5778949273129583,-0.7496431765178773,0.44360764329889757,0.7601940063647953,,0
-0.17303157645264058,0.1583546290986645,-0.9206000198719381,0.2566248228585235,0.025005707918063492,,0.5065815066290157,0
0.18578550274171554,0.02612362384164125,-0.2501876628373971,-0.8141813796246911,0.05399243978039313,,,1
-0.19375407564747038,0.06238494274762247,-0.4170414295915532,0.7427905838731365,0.35670636752991103,,0.8618529943517841,1
-0.0054245403314677546,0.4350994359543374,0.957002026021653,-0.10123512296804235,0.007017163462299418,0.9782648036302098,,0
0.32394337185254884,0.016475570831960856,0.9454472242457085,0.371850529888343,0.13823881194306623,0.9723411048833164,0.6097954820169981,0
0.0036895568833914044,0.002340664772239727,0.07489780390817186,0.9991960781529552,0.40357115277302275,0.27367463146622095,0.9995979582576964,0
0.1047317637455377,0.12884705970486116,-0.4152053711631994,-0.6016548058862441,0.314485214254019,,,1
0.00028795921352612274,6.549000471943197e-07,-0.0009482103424780109,-0.842139227138934,0.3355627966409968,,,1
-0.09521221574942983,0.0321512417674065,0.3102155827382934,-0.669655562756594,0.013145466426971966,0.5569700016502626,,1
-0.01668567276955692,0.07778663101170451,-0.33812080893930246,0.6843193876270193,0.022515752271681174,,0.8272359927052372,1
0.08854834655912504,0.06506206701352575,0.28190807975248994,0.9340014836933415,0.5061357923537835,0.5309501669201074,0.9664375218778198,0
0.07190112608699215,0.01000120723691981,-0.3412887162670426,-0.6666238690389505,0.09827083012713443,,,1
-0.13913286839342565,0.10963822729143653,-0.5055655066746998,0.8099266064474382,0.028887576223961795,,0.8999592248804599,0
0.024935420677779492,0.00030106528665768976,0.03566645787419523,0.8745025490647308,0.5848692938945039,0.18885565354046255,0.9351484101813631,1
-0.039012638204221295,0.0944681313861186,-0.7009268064861751,0.11250192307046829,0.00909616719654293,,0.3354130633569126,1
0.1691582172018592,0.3079023265277412,0.6141578190261238,0.3513131201273952,0.05264363107832428,0.783682218138273,0.5927167284018523,1
0.4359614073793117,0.03028791154276918,-0.6881088751849369,-0.7331399932807016,0.20920266538766324,,,0
-0.1671513812462906,0.1932471756285321,0.9775123639209694,-0.23303004037571454,0.019437846631174236,0.9886922493480818,,0
0.08302190794907953,0.022042383358671265,0.9814222073332269,0.11076243517638623,0.001176674315923204,0.9906675564149797,0.33280990847086606,0
-0.02382462910528744,0.11348369854745576,-0.797344647600669,0.07431908651853456,0.0020213898943265,,0.27261527198331087,1
0.2197883462223293,0.45647374372993943,-0.728172669707678,-0.7466202226294528,0.25606745384484747,,,0
0.18181051797934134,0.031000519503504256,0.3310914011581324,0.9289665229489077,0.712049103130788,0.575405423295725,0.9638290942635565,0
0.10297372232722982,0.04355679878326179,-0.24089412390164552,-0.9263929396520156,0.8157376096750893,,,0
-0.17100228248000496,0.4910522799183867,0.7870926532672667,-0.2540774485487309,0.027990015976069715,0.8871824238944698,,1
-0.047342896449993864,0.4773163740024365,-0.6951886891363726,0.23196283448990757,0.003689835718324662,,0.4816252012612168,1
-0.45099611828423436,0.3636177509716328,-0.7709675879268272,0.6747872744790122,0.18300479539282674,,0.8214543654269616,0
-0.031141491383399358,0.26240766519745207,-0.6172509589407074,0.364378269927931,0.09440313053207952,,0.603637531907958,1
-0.3201626088776083,0.004668465682968924,-0.43951966370184853,0.937259213839982,0.7351968676225954,,0.9681214871285432,0
0.3309544509009703,0.28933838075258805,-0.5807293493464293,-0.8049199421439013,0.6387132197696526,,,0
-0.13346297753889252,0.08077808549723549,-0.5160124193550398,0.8141045794942752,0.09176539574351891,,0.9022774404218888,0
-0.013201610664458525,0.020619467619606733,-0.8419674913881078,0.6011756684841141,0.07192602313552174,,0.7753551885968869,0
0.22149144173228022,0.052307831030161595,-0.5850166358711336,-0.532015443562578,0.0770986203823065,,,1
-0.10966420292295707,0.1711915715286051,-0.4419896853184032,0.6169481701308294,0.14031288737086953,,0.7854604828575588,1
-0.1539250202835816,0.20027650816616002,1.0690578638529171,-0.16660026869927957,0.015082346351908188,1.0339525442944262,,0
-0.021816540574807555,0.020971224148311544,-0.8679881831481671,0.05324568281321937,0.0011664952973212174,,0.23075026070021973,1
-0.10466731821212417,0.15345017486207524,0.41796399326571243,-0.8131213674280673,0.5024630616541358,0.6465013482319372,,1
-0.20149786199986905,0.2612213977052262,0.5988185612119814,-0.5525510079974816,0.21377653208247488,0.7738336780032137,,1
0.06755574335774829,0.7829315989553093,-0.9356539261202702,-0.2820731295873626,0.07567791930744353,,,0
0.10981522551573425,0.005131040348755584,0.2226977438200971,1.067589566675012,1.0864794001261977,0.4719086180820362,1.033242259431452,0
0.06222836104495495,0.3133606747839092,0.5714260874075929,0.6736194701924695,0.09180939936841466,0.7559273029912288,0.8207432425505978,1
-0.03606850445655365,0.06602444704828685,0.45812618599267757,-0.8650474525822215,0.4434785182723385,0.6768501946462582,,0
-0.011263430323090275,0.659264895374333,-1.044394400821597,0.013080165654449388,0.00011802235155492868,,0.1143685518595448,0
0.08612475631996043,0.0678635762021581,0.3309401673944926,0.9449942101992114,0.1779113832825429,0.5752739933236097,0.9721081268044267,0
-0.13663183394170694,0.6495712140924503,-0.8620854533655359,0.18832869360327947,0.012840686909661291,,0.4339685398773504,0
-0.047378847874938734,0.16777740259116478,-0.8489851035456816,0.40016705623736126,0.02943365501939067,,0.6325875877990029,1
0.003533723189338549,0.08942615841026476,0.691454133917187,0.11800231721688545,0.010514075897587431,0.831537211384546,0.3435146535693717,1
0.03872354772422786,0.6926766958421493,0.8508001120142481,0.053313720252617616,0.0003914751581972164,0.9223882653277025,0.23089764020582285,1
-0.11127948843100235,0.005516642498086529,0.2765492098551379,-0.7796224388386835,0.016334590734645486,0.5258794632376681,,1
-0.35555777958819185,0.060790765686881014,0.7695668033662366,-0.6632601902924714,0.36961884894101127,0.8772495673217723,,0
-0.02890891382631477,0.28923109149261433,0.9676834468415582,-0.44033495627491537,0.027643272090821208,0.983709025495628,,0
0.0999369797422656,0.0035468376098696575,-0.171981923959632,-0.8572111930177555,0.3351148640509674,,,0
0.41251133571390697,0.2884131991681862,-0.562334707652097,-0.7745247811000542,0.49418731254744547,,,0
-0.13894074275038418,0.030102285455182932,-0.573731144107241,0.7928574387927875,0.33174465691312693,,0.8904254257335577,0
-0.15592722159397007,0.011213366873666877,0.41972639679192486,-0.727486449116384,0.33367693579533825,0.647862945993923,,1
0.18400817150322757,0.4337651027767092,-0.7055166729880968,-0.29577802199433584,0.045601376814265016,,,1
-0.030411757630308733,0.1260171096552228,-1.0413365635170597,0.2868601518289778,0.005612515675791907,,0.5355932708959082,0
0.05928574402163888,0.17225404565363903,0.7802420968977717,0.08677957887727578,0.005755219686555736,0.8833131363779052,0.2945837383109865,1
0.34564324606061536,0.07297829654065198,-0.5321172034532746,-0.9258864817093191,0.10124170560929706,,,0
-0.19281052979936833,0.14688494723826007,0.49048847573003157,-0.6291401110692896,0.2443559322525322,0.7003488243225883,,1
0.2810595275453722,0.10362114740854234,-0.7846126865365801,-0.5963950388513298,0.20197618256231828,,,0
-0.08012310629770686,0.14558798941399978,0.4555645764781546,-0.6292018768339208,0.13387701886104544,0.6749552403516508,,1
0.09394938373373868,0.07517679806137226,-0.4435509079199329,-0.7795086029925876,0.3962924068693526,,,1
0.20634141696876995,0.10851169989853454,0.4847427667391139,0.5697025415868778,0.16989269577994376,0.6962347066464827,0.7547864211728228,1
0.0455581533096942,0.10713779588705269,-0.5020785634611107,-0.7269193553213986,0.01785721354798604,,,0
-0.01810269175648323,0.0004298744890252847,0.20819483375737627,-1.0036511561706558,0.8934763970358487,0.4562837206797721,,0
0.09404530754467046,0.03268149016507331,0.29767662819079665,0.7204766944521829,0.4885808749832322,0.5455974965034175,0.8488089858455687,1
0.007396053598660069,0.15667842158165224,0.43966913968963667,0.6273736295226807,0.34705274994897284,0.6630755158272975,0.7920692075334583,1
-0.13635884424955844,0.27394858392151816,-0.7684280898604089,0.2696841158754933,0.04993399762805598,,0.5193111936743645,1
0.19707096901874227,0.14631659665022664,-0.5290111433618795,-0.9066708766055506,0.07485134663813262,,,0
0.4100375232450082,0.4100320380167727,0.7285686683296329,0.7181905837317595,0.08009517343067007,0.8535623400371134,0.8474612579532822,0
-0.10222775386005063,0.007666889477061408,0.3197751716724738,-0.9978049372463614,0.180630005567778,0.5654866679882682,,0
0.12174684186713171,0.003808110025810392,0.2828121593044197,0.9803736108205583,0.15774611307970843,0.531800864332148,0.9901381776401506,0
-0.07697563212824442,0.3167516103369357,-0.6071171628194971,0.7605942800994102,0.5660359500577614,,0.8721205651166645,0
0.33753891290615357,0.4262616842141723,-1.0063583255467703,-0.37352671238444946,0.11480948154333875,,,0
0.06416467752609918,0.29197675594479316,-0.8254382527736418,-0.21271961140894163,0.0441471378020144,,,1
-0.242258231037506,1.0250925590586901,1.0297570434574839,-0.3640302802361549,0.08268690003049528,1.014769453352575,,0
-0.2661710270351562,0.13850566632569572,0.44198096346633464,-0.6414388957592028,0.3208398321026862,0.6648164885638251,,1
0.05498646564694876,0.19323532404828123,-1.020241780564338,-0.09203683727238302,0.006003474888564032,,,0
0.19415530006437226,0.02319324855590865,0.8581106674587362,0.4591223657971435,0.06627025580589681,0.9263426296240156,0.6775856888963517,0
-0.0029207002549589503,0.07257626181765567,0.3843204727114541,-0.9281627546468848,0.015484302217546916,0.6199358617723725,,0
-0.0038700068529059144,0.719995958806034,-1.0156695516552319,0.056163883142848585,0.0019177102275394317,,0.23698920469685658,0
0.09603548118469234,0.017395200341240084,0.2551062495913352,0.868779164493073,0.693832722102467,0.5050804387336093,0.9320832390366608,1
0.27145828746747946,0.05870837853304563,0.4360689279245328,0.9263670172237691,0.22418437066331207,0.6603551528719472,0.962479619121241,0
-0.3741597445682241,0.11232512604213943,0.9633672211459681,-0.40606749504698286,0.09037884817417076,0.9815127208273808,,0
-0.03148878586315537,0.004066905469732534,0.09098388523802252,-0.9958174072821201,0.7453765173247808,0.3016353514394865,,0
-0.082358457672602,0.2184433483301596,-0.7206038972828692,0.2249426039374683,0.00726817868640762,,0.4742811444043167,1
0.041741281220431775,0.16435386044369585,0.9684825863954151,0.08504252901310677,0.0007461407597769036,0.9841151286284624,0.29162052227699403,0
-0.2321712949815479,0.09966105822128067,-0.3518682074663502,0.7121668535297669,0.26537094652789456,,0.8438997887959013,1
-0.09474101548415066,0.07132304549422064,-0.7625124697568292,0.37605777477994523,0.09129481878843643,,0.6132354969992729,1
0.14782263538580093,0.12317735229969559,0.533567356561375,0.4946141709608482,0.17370021131175872,0.7304569505189029,0.7032881137633766,1
-0.01923257297366772,0.6221930928117924,0.8699670882061844,-0.042362828478041764,0.0016161361623657038,0.9327202625686785,,1
0.4412652705305809,0.3972963772776507,0.8351721625701369,0.5350902454009283,0.0782109647669048,0.913877542436697,0.7314986298011285,0
0.006153098593881287,0.0009640811640751592,-0.03485799847445653,-1.0247225743208195,0.2559514726892202,,,0
0.14775086644709054,0.037009642770358994,0.8452703801503735,0.4847894478296077,0.16666935809921155,0.9193858711935775,0.6962682298005616,0
0.025741376624415512,0.010073605088731485,-0.12270333178824608,-0.8223526012815273,0.14061062899317087,,,1
0.1333261353085231,0.5681967092273518,-0.8729155433093633,-0.24536067043356702,0.041315637444958926,,,0
-0.1176668726128816,0.03518517091173205,0.3105809257592619,-0.7854488738668033,0.5675174509075703,0.5572978788397296,,1
-0.2770915136806993,0.15614266746365488,0.47435131058769286,-0.6527437196522077,0.23644951093182337,0.6887316680592616,,1
0.07847107893176318,0.22561666270232933,-1.0328577526945137,-0.27060402894015245,0.046475892251614026,,,0
-0.006315144471029486,0.4234511886569565,1.0516271266042578,-0.20750651419349325,0.011877479298938476,1.0254887257323981,,0
0.0008206775658366503,0.001457007648469202,0.06361942779374223,0.982819541555297,0.7286303022075225,0.2522289194238881,0.9913725543685871,0
-0.2762722705655434,0.6202065966812473,0.9913772956935201,-0.3440022002060452,0.09491295025846966,0.9956793136816292,,0
0.009096104442684848,0.010275468298537696,-0.22978386299723572,-1.0383971239559115,0.8424065473871168,,,0
0.330583777132104,0.49121396953893276,0.8226282894850239,0.5900880852518046,0.02138013158730477,0.9069885828857075,0.7681719112619287,0
-0.25328835994303245,0.13613989395725684,0.45958788383530025,-0.8456890739634637,0.3075615341939141,0.6779291141670346,,0
-0.007284705913295543,0.29058555047186596,0.689533534300555,-0.29808742653876846,0.05065953245316902,0.83038155946562,,1
-0.1746743670393482,0.17796573828379678,0.4974924568732018,-0.5784122248251337,0.2887589880574467,0.7053314517822112,,1
-0.004901007184068199,0.7707362470285658,-1.0075085496508633,0.0071578382826037075,2.153596830275895e-06,,0.08460400866746036,0
-0.43090185557414784,0.24516299134077874,-0.8821016429999614,0.5177533675984852,0.08408617515825145,,0.7195508096017162,0
-0.15019016245144112,0.014979280362440337,-0.26219328884740534,0.7624222651147792,0.1817376043577532,,0.873167947828354,1
0.1550690961021141,0.48771477319338474,0.721749028590422,0.7322196135826315,0.1832605196703539,0.8495581372633788,0.8556983192589731,0
-0.17974488618601198,0.052735682518484435,0.3057457531296547,-0.6672193980143993,0.3984912375246913,0.5529428118075636,,1
0.14532164961397256,0.48467975881554476,-0.7591698115255379,-0.3482011795226902,0.1095381669381698,,,1
0.189207999022131,0.40972573943438856,-0.7532384975647277,-0.6570438150566577,5.523086579329571e-05,,,0
0.08286382257580913,0.16841315723188435,-0.7670549002649752,-0.30089038286123443,0.0017720081963324454,,,1
0.025434109191044888,0.5501130801379103,0.7898895507132453,0.3356221437068675,0.00406494665692998,0.8887573069816334,0.5793290461446479,1
-0.04859334032304033,0.003864904545945937,-0.09624500394216134,0.7913129121675513,0.35878565518979344,,0.8895577059233152,1
-0.10969304547030898,0.21726264837563508,0.8603562967140699,-0.4607158509682669,0.1336174660404858,0.9275539319705728,,0
0.0993494162093954,0.1624745224328117,0.6738220028242851,0.4524870080695365,0.1978033539141425,0.8208666169508205,0.6726715454585072,1
-0.40276737709738614,0.1115105537972039,-0.6487994304049818,0.7880936946193988,0.32282362179428425,,0.8877464134646779,0
0.10860049945867256,0.0821939882323988,0.2890778267943169,0.7202039485175347,0.20328275376980534,0.5376595826304196,0.8486483067310832,1
0.027958357318774576,0.016801284411896187,-0.13224385759344834,-0.8107587269399069,0.2734871414202856,,,1
0.5129407061739626,0.2724872744726743,0.887128941087712,0.5967046190485922,0.23915797570778666,0.9418752258594086,0.772466581185615,0
-0.25655219037461213,0.14014874611969091,0.47475723795430463,-0.600473837638289,0.0226316141415291,0.6890262969976578,,1
-0.04637181951491232,0.8701456322713227,-0.9430038431724017,0.40445086562053323,0.04692405636926091,,0.6359645160074052,0
-0.14324319587250184,0.1966215369620547,0.6639774974964325,-0.2919434277422973,0.07208241876835111,0.8148481438258497,,1
0.011092677644695039,0.4499148994113348,-1.0040059765559044,-0.0625436749459242,0.0018390688202027548,,,0
0.13813714094991314,0.06618093002490788,-0.3072349644753879,-0.9534768580009185,0.6082299870099354,,,0
0.0913352199378225,0.3000662894616861,-0.9570534587096104,-0.3063877730785707,0.0710128275601347,,,0
0.0056469275518033855,0.0011782285128761052,0.03449453118511142,0.9645752163411462,0.4338104837963344,0.1857270340718104,0.9821279022312451,0
-0.09738306648436446,0.2199923718569821,1.003341451250201,-0.10584268389377272,0.0036630208795085197,1.0016693322899535,,1
0.12062118979680257,0.9715455508899357,-1.016709256561205,-0.18287704105292368,0.00038338881709113,,,0
-0.0564041177857668,0.11348808317036542,-0.5145575555576255,0.6970753519452169,0.4799056561236964,,0.8349103855775283,1
0.31173191326688343,0.6027520149599477,0.7982838337667308,0.43471219045104303,0.09399638853651271,0.8934673098478371,0.659327073955744,0
0.050971898660719675,0.001969651865133943,-0.06840190738307031,-0.9583700984616351,0.7822833210933666,,,0
0.14566401131772871,0.014523484423342177,-0.2563101197347152,-0.7384514502173526,0.37924657370663617,,,1
-0.012036852636986263,0.0018807022733785558,0.08528487603853128,-0.7587348376113093,0.19161350695611287,0.2920357444535365,,1
-0.06488404936335326,0.04610472931471737,-0.24876966785106452,1.073325504957191,0.3060438133018565,,1.036014239746342,0
-0.18405946294784625,0.6145525563542138,0.8083893165467871,-0.28816640838652874,0.03278478553763817,0.8991047305774712,,1
-0.37723369636253357,0.14804728076942908,0.9215179612370367,-0.6014964830288798,0.24306665981430864,0.9599572705266817,,0
-0.24381818936640737,0.2697660217340362,-0.5542055007904252,0.45938206590776315,0.007907061127318246,,0.6777772981649379,1
0.10326232108625764,0.15043585497457027,0.7122850602358298,0.7202803517717628,0.40639292147899714,0.8439698218750655,0.8486933202115843,0
-0.12512663100725976,0.02929001769730205,-0.19889266660934826,0.7510880728011672,0.3635525436734057,,0.8666533752320862,1
0.0741225479697134,0.027541543397132422,-0.18957166908243553,-0.6917499527007545,0.14693163764049405,,,1
-0.2498874844908501,0.2271265713077416,-0.7361972385311052,0.37599440626994546,0.0705500091434027,,0.6131838274693369,1
0.09201710107166221,0.1359721818439676,-1.0114612215627576,-0.13326300469153649,0.009232423181548115,,,0
-0.11718894572727812,0.14377973376626876,0.7070849357656346,-0.44922857443162395,0.17288207023346208,0.8408834257883994,,1
0.07753561278019779,0.08481103220726399,0.6403982925063473,0.5700239762192717,0.1309144064220902,0.8002488940987967,0.7549993219992133,1
-0.21309207831072458,0.04167010592669657,0.28142861588817475,-0.8044648466948051,0.4738600830133461,0.5304984598358178,,1
-0.1733608145279723,0.4747241351979579,0.697838670525425,-0.342053887603715,0.08323783757219376,0.8353673865584083,,1
0.12716043142262912,0.11999717306034297,-0.426626009323524,-0.9805856441016815,0.7208316129948842,,,0
-0.15956001464719247,0.18151217385207205,-0.6109610944933479,0.8035764580505294,0.33965509874972066,,0.8964242623058176,0
-0.1316146725800186,0.4422371767334601,0.8299924950177685,-0.4900671765268009,0.1606413972345969,0.9110392390110146,,0
0.28866415172653215,0.5946234795501315,0.820214440030269,0.5824065164568017,0.17114770751102024,0.9056569107726551,0.763155630560898,0
0.043056611518974164,0.3960601722683362,0.8054557067439091,0.18830695723561164,0.03383391268004021,0.8974718417554443,0.43394349544106736,1
0.17755463276427327,0.1733120276531853,-0.6300867877437376,-0.4450382223674172,0.04334539425931577,,,1
-0.15033743749224726,0.037058259528428936,-0.7718562490105679,0.35958464949042884,0.12236856951495896,,0.5996537746820484,1
0.08733329111292235,0.06854519584939174,-0.3260563679766954,-0.7312556929531739,0.10661664439985442,,,1
0.08090980091231312,0.1808531605780559,-0.5178466827245436,-0.8062931905220374,0.19633829625656923,,,0
0.05059761655713204,0.074364676782295,0.29309372982496723,0.9288689124370483,0.1569140992582949,0.5413813164720105,0.9637784560971718,0
0.10633321325489142,0.11321632168406631,-0.4484751285701697,-0.6024520169621417,0.1510094719519599,,,1
0.12317039529900985,0.008228097010447036,-0.23466150847837355,-0.6487727689179783,0.12054822211725327,,,1
-0.05995180622945107,0.004205501213574574,-0.10649123135119085,0.9897513471808784,0.902591727967559,,0.9948624765166684,0
-0.044660099537765736,0.37664527358694727,-0.6520587818267898,0.4480780083251044,0.13967858821900073,,0.6693862923044543,1
0.21331455508362485,0.5254446273250737,0.7734655926730546,0.31458616460727257,0.0610053244208307,0.8794689264965844,0.5608798129789239,1
0.13403595677529553,0.0729109460548165,0.3708945160863998,0.7248921908875133,0.5188618885063366,0.6090110968499669,0.8514060082519463,1
-0.003625048866863233,0.0008097931812365059,0.06718942688375105,-0.7515515342337323,0.2752558403802382,0.25920923379337985,,1
0.07599805720708404,0.5302212893979329,0.9091680535450538,0.29885706349532093,0.08686718348676563,0.9535030432804364,0.5466782083596536,0
0.10087417742414773,0.009488911861627432,-0.18857377211219362,-0.9907754101153551,0.7048011089301854,,,0
0.20349194221101263,0.010412258215549003,-0.8954885254959312,-0.35331939196404555,0.019497072757295637,,,0
-0.021216368896166363,0.0004148477833378327,-0.19666107530257465,1.0677454276306162,0.6158094201403772,,1.033317679917757,0
0.1981722361113057,0.026505585015114595,0.5672614909748627,0.3806109801390472,0.1336049917377607,0.7531676380294514,0.6169367715893155,1
-0.006132514390450167,0.000215744913369577,-0.02168202331448623,0.7777696116386136,0.11829057952100398,,0.8819124739103159,1
0.1825009904390154,0.14062885493269392,-0.53303961476846,-0.7762333884410765,0.5960493446395294,,,0
-0.41924869498479833,0.3283039189300083,0.6706599750412778,-0.6840713776837012,0.15199491562307088,0.8189383218785636,,0
0.2685378991100638,0.2588299602656465,0.6846066414058828,0.7868584888333292,0.1847513413863197,0.8274095971197596,0.8870504432293178,0
0.008917764057225809,0.9704263240065613,1.0742599209589512,0.0101185069647719,7.503397099772829e-05,1.0364651084136653,0.10059078966173743,0
0.05275451535042962,0.012443808373392961,-0.18569978549791538,-0.7905014615918831,0.2322163801170841,,,1
-0.09787540734429137,0.07774937678092629,0.7052567480411384,-0.23503459003117397,0.038286749983275005,0.8397956585033876,,1
0.05804015697090752,0.294894911682336,0.5803664297838348,0.8607069137897048,0.39748331899590544,0.7618178455404119,0.9277429136294735,0
-0.14361227767819038,0.008765505801495245,-0.41565051534626934,0.6313013005032277,0.35623274787750614,,0.7945447127149156,1
0.14289843252358916,0.007511635687714513,0.2718804294704981,0.8595741540814177,0.34060327238154353,0.5214215468030623,0.9271322203879109,1
0.006363163947904385,0.11718052670683286,-0.9337789555951204,-0.01149665155128389,0.00010655071538307731,,,0
0.024569541716279838,0.09441448290154297,-0.3323770695394993,-0.6894769323912254,0.21119408176252133,,,1
-0.3457258548740804,0.1345650555595537,-0.7901241709031407,0.7624095892763706,0.09326346212323079,,0.8731606892642216,0
-0.13826804182951882,0.0014581692513470673,-0.15212252126530507,0.9909515880096792,0.6805634783124197,,0.995465513219659,0
-0.2847503321496986,0.3840869388391856,0.8880514722796443,-0.5268184902095451,0.2399280855124728,0.9423648297128052,,0
-0.09214829412740014,0.020196119062091112,-0.18049443048471608,0.7359491828686678,0.17284035364681152,,0.8578748060577767,1
0.10387289929683113,0.008168640305431657,-0.11818097225809701,-0.9425659140637194,0.13859709650123764,,,0
-0.09236305166323198,0.11187527036035227,-0.44194392538449906,0.681207497084,0.17967018363081425,,0.8253529530352454,1
-0.07951036185760225,0.9066934908046833,-1.1174791311847234,0.09105491669713649,0.007330838785171687,,0.30175307239054994,0
0.012713850486127188,0.00014418823738055782,0.014501098938502224,0.9686156300507088,0.07517300148355424,0.12042050879523065,0.9841827218818205,0
0.28554484674861974,0.26575541962887606,-0.5376200385815285,-0.62462275021887,0.22817173752407263,,,1
-0.5511548963157125,0.025424268391257568,0.6917771030781702,-0.8501899828266493,0.5667873135980309,0.8317313887777533,,0
-0.0385398660742525,0.7256078337396717,1.0265693558499438,-0.07521036812703036,0.0030782522510487396,1.0131975897375318,,0
-0.03917485680402836,0.0880048772032623,-0.853110231895387,0.11422408217081809,0.011318666203528277,,0.3379705344713028,1
-0.04043703987934477,0.002003958071782322,-0.06628962217158271,0.8830101901740912,0.4501121854030775,,0.9396862189976456,1
0.02759271400176431,0.00017501920522273724,0.03899228971290104,0.8534757579517477,0.1383222353771526,0.19746465433819047,0.9238375170730769,1
0.031435636793323674,0.06247924881209616,-0.9221029761520354,-0.09235773201236473,0.0020157000789294147,,,0
0.34051375479732726,0.05153837555863978,-0.3961411513039601,-0.8995440720594554,0.7737198106452785,,,0
-0.18234458642947227,0.13553295150916211,-0.47583569812773174,0.836685090507898,0.6906558556379865,,0.914704919910185,0
-0.045340156225008435,0.4141059946424313,-0.6993510952856224,0.36332493406604277,0.06501025725208828,,0.6027644100857671,1
0.039689006207411746,0.276625409687373,0.588949941887111,0.6178081190324046,0.3482936686838626,0.7674307407754207,0.7860077092703383,1
-0.1520137369482656,0.11119776264273923,0.9420866328464335,-0.29633258439772725,0.011344306751752265,0.9706114736836946,,0
0.1392290747968233,0.3639446103639238,0.6871431349951984,0.36901275712099235,0.045742685443330086,0.8289409719607291,0.6074642023370532,1
0.0057694159199568745,0.12303884654871951,0.7902465984896332,0.23863461365468436,0.0558350595113817,0.8889581533962289,0.4885024192925603,1
-0.050051667839829166,0.4209400038840053,0.6570999177311905,-0.4618390231916365,0.08028133438018825,0.8106169981755814,,1
-0.005167441455595743,0.03114767016106746,0.7699648979365719,-0.01147785716274606,3.322880219364755e-05,0.8774764372543412,,1
0.04455666604871714,0.048336459357478045,-0.36298373123461636,-0.6308108242828239,0.1873818889784086,,,1
-0.183786550860787,0.10943801471433803,-0.5381169525068996,0.6333802976145686,0.3737519373857065,,0.795851931966348,1
0.11708903584768476,0.10382622838075123,-0.5367130945264582,-0.5173524820883686,0.2362379284471616,,,1
-0.2435018102351358,0.4257722883087055,0.7232412653128808,-0.7863956363460216,0.1738786865364908,0.8504359266357935,,0
0.064478134030263,0.4910889280349324,0.7699177258948449,0.1763703996712302,0.023684111713616215,0.8774495574646128,0.4199647600349703,1
-0.010766323589958987,0.06409873270094289,0.2887387201335863,-0.7784178421658373,0.44100570629982266,0.5373441356650189,,1
0.06466071091720252,0.12968727513895237,0.7965061206999955,0.17556333167463295,0.02167236420938688,0.8924719159166833,0.41900278241872446,1
-0.12525362198878964,0.34633864114612306,0.8901776507724427,-0.3574144802438947,0.022042372910465742,0.9434922632287149,,0
-0.05689314063175946,0.1525928354623743,-0.6431318865882653,0.40881260994366775,0.01491824421020798,,0.6393845556030172,1
-0.06325389434024536,0.21464924336342733,0.5265036215759329,-0.667754568436749,0.068034931294959,0.7256056929048538,,1
-0.10731969525458122,0.3776508524906202,0.6232524551626301,-0.772918422861034,0.1291840093291715,0.7894633969745716,,0
0.07727161070882523,0.061067373684143965,-0.29076469583058256,-0.9924220808950958,0.22804643459690602,,,0
0.08926189597610557,0.45112565062226534,0.8206834483196086,0.47133889752671965,0.002738697544511629,0.9059158064189015,0.6865412569734755,0
-0.2624697520151294,0.26023177821575555,-0.6662925772308992,0.7567001083206842,0.06774710134919186,,0.8698851121387722,0
0.06590564808119921,0.2843317085796192,-0.7360293234327616,-0.17638506439229368,0.012962304241782819,,,1
0.029872268841811444,0.2464648806320903,-0.8057785983890354,-0.16769020555470943,0.019203792759533767,,,1
-1.290496250649007e-05,0.23216493884383546,-0.5025390334216449,0.5008497038171191,0.11532864975834121,,0.7077073574699638,1
-0.010861159553872964,0.28012004000832796,-0.7383952939505014,0.08204341804741373,0.005467718654988697,,0.2864322224321379,1
-0.049193900121835034,0.5030313315121636,-0.7698100015434818,0.16847396320804509,0.0016133379634786442,,0.41045579933537923,1
0.08377311362871802,0.03703351056881489,0.6696813372384469,0.36318066002635013,0.1272539188403219,0.8183405997739859,0.6026447212299716,1
-0.003973211913038101,6.463551523315465e-05,0.010190581134088581,-1.0087124040540272,0.3870853488169702,0.10094840827912335,,0
-0.22114797953335588,0.04759271084060645,-0.33751584861690914,0.9114011481520982,0.15506613588340423,,0.954673320121652,0
-0.14986845182208025,0.7702905874239876,-1.0072650642696537,0.20877286131644032,0.02966437880454891,,0.45691668968909455,0
-0.042038665711250464,0.2898183688793444,-0.8971960582172241,0.3069771189887045,0.07791672461658984,,0.5540551587962199,0
0.3178830627154501,0.07761217802163237,-0.5645624462712029,-0.7132327113431997,0.17339339509010926,,,0
0.12337003597602886,0.02352340536513073,0.20349351741892127,0.825083737676668,0.6093188103440395,0.45110255753976974,0.9083412011335101,1
0.12140626908657251,0.1692955513867269,0.5585442723461354,0.6128883394119349,0.34974657344650734,0.7473581954766639,0.7828718537614792,1
-0.042050120527015976,0.011539249939145502,0.26758015837482074,-0.7771133135644788,0.013872402052911414,0.5172815078608752,,1
0.2054353227028667,0.32355720207592714,-0.6213545597239069,-0.5524818321372531,0.2950919447162382,,,1
0.09839288184246806,0.15625055240595576,0.6718203812426812,0.4452350184742003,0.13387381680743898,0.8196464977309921,0.6672593337482813,1
-0.03664358897335346,0.048903173252304165,-0.4345672060940418,0.8996524104165904,0.3174755505871292,,0.9485000845633017,0
-0.008054588749968521,0.7302810658030289,1.0276054684865394,-0.25082920420529403,0.01077672503342428,1.0137087690685818,,0
0.4015581443016368,0.12139135894511463,0.6733321064072509,0.7027710475763906,0.15351803162732652,0.8205681607320936,0.8383144085463345,0
0.14270729275244126,0.32487177517856725,0.6395054261905497,0.866048241417382,0.022434132530799403,0.7996908316284174,0.9306171293380442,0
-0.0720865315982051,0.253133452683017,0.6624160306375345,-0.4376923462886704,0.001381685896229725,0.8138894462011008,,1
0.0880844497739948,0.07446622283207202,-0.27703342783483437,-0.8185272994387514,0.5766796152596044,,,1
0.1520396026338875,0.13774545625698037,-0.7298137519667309,-0.22422577850899136,0.0451121012097929,,,1
0.06733633581839936,0.49272944695886783,0.7962178305456371,0.6246559767228528,0.026947058936246864,0.8923103891279296,0.7903518056681169,0
0.06789165980559898,0.02309849140775714,0.16951007727498607,0.7628251875088649,0.4078610775602926,0.41171601532486696,0.8733986418061713,1
0.001997763204696406,8.632650015146207e-06,0.0030955235782467658,0.8531701212851849,0.5524485686252771,0.05563742965169011,0.9236720853664383,1
-0.2914605078660481,0.11581880110289608,0.6506796106383878,-0.7948287878702862,0.13251826096535527,0.8066471413439632,,0
-0.19741797106124595,0.11954065985091886,-0.4524806838635536,0.5377599760602341,0.09085125398248349,,0.7333211956981975,1
-0.4376307133534222,0.3043249314838119,-0.6872118027326883,0.7829742870254475,0.4152443788610887,,0.8848583429145297,0
0.07532546614616337,0.14139232561400722,0.8235005830813308,0.15051337957665456,0.003608415575166397,0.9074693290030968,0.38796053868487007,1
0.14729491513558968,0.49120755493516843,-0.9338502747582756,-0.349658871333061,0.08814596726242409,,,0
-0.2247666546130373,0.19568447373566167,-0.47682940145167313,0.8795644221298637,0.5966112087578865,,0.9378509594439106,0
0.2852522543996607,0.3834841233845726,0.7841349841346906,0.5787975046801007,0.01431699009909928,0.8855139660867527,0.760787424107484,0
0.10031998576076603,0.051185558085858916,0.3487829449153582,0.726810490306557,0.2698141839860431,0.5905784832817381,0.8525318119029677,1
-0.01849835215878489,0.010412731453733023,0.11581930503251578,-0.8304114994349864,0.09696151102848906,0.340322354588287,,1
0.0691450627697552,0.30152838784469777,0.6505882879074251,0.8475140565916199,0.46676507132437833,0.8065905329889665,0.9206052664370435,0
-0.2462371577369316,0.18537919339957573,-0.45211327170456606,0.7138952152409115,0.4682884950319807,,0.8449232007945524,1
0.031816781858189654,0.5099072898142285,-0.8169147764857932,-0.051753404632162825,0.002224590361067721,,,1
0.1703996693243942,0.3019065823279481,-0.7942637863959101,-0.6474638969575026,0.12115114731912172,,,0
4.6551700014051176e-05,0.2996781766825338,-0.8052504319335323,-0.0005710400058097573,3.234736904062437e-07,,,1
-0.30396087959576185,0.1582600728722449,-0.9119463944613639,0.3335888181107119,0.01841566202381467,,0.5775714831176414,0
-0.0007741101749564805,0.45499656032375874,0.9148449360569654,-0.23399842324615003,0.028201684343397388,0.9564752668297102,,0
-0.0907371009091668,0.005534516597740227,-0.2652117147414276,0.9351782146321589,0.20873882362792898,,0.9670461284924101,0
0.26877492184038215,0.14919847349033605,-0.567318442371292,-0.5966926571623692,0.04068239364437616,,,1
-0.203641258606961,0.2711199711893828,0.8249613581032367,-0.6833486141193867,0.14543038797188085,0.9082738343160816,,0
0.1581709203981423,0.024430689555606858,-0.27747372571105766,-0.6435260536936773,0.27909525803968005,,,1
-0.07938431155981879,0.7799478661218128,-0.99760937436299,0.1276160802806458,0.015808984603628274,,0.35723392935252635,0
-0.00029259035000039636,0.5899239038451375,0.8074881770053346,-0.005676805670970855,1.7110562337677922e-05,0.8986034592662854,,1
-0.07122608176894157,0.007846054335627984,0.16650505969703272,-0.7302782339631759,0.1979245051098086,0.40805031515369855,,1
0.006678408229854406,0.03499494929825937,-0.3322333794666072,-0.7077896791607651,0.3445851942136478,,,1
-0.19836145653589524,0.18845789230773866,0.545200945745668,-0.5751404296479875,0.2831842959172573,0.7383772381010049,,1
-0.01584956938776717,0.15721246170790934,0.712844120070213,-0.6859050957658456,0.07446222466364961,0.8443009653377243,,0
-0.2822726252015456,0.05195657499745071,0.5297072812806672,-0.5672636091484146,0.24124733340648663,0.7278099211199771,,1
0.13022744210378367,0.38184431384896256,0.6382402258389936,0.4419728555450271,0.05023339118517136,0.7988993840522057,0.6648103906716765,1
-0.06594935628033091,0.007284915462722205,0.1890906796694457,-1.0221660418590592,0.22856417716514843,0.43484558140729185,,0
-0.06665302590930779,0.009668958836152403,-0.26381454778877916,0.8184331432612616,0.16733320826312215,,0.9046729482311614,1
0.03911149620456477,0.3659363718608848,-0.7993584443773514,-0.0629678901361556,0.003091948187810062,,,1
-0.05973007347336743,0.01705530442037638,0.8886979559811828,-0.11335461309724182,0.004923849714442691,0.9427077786786225,,0
0.13507159747390898,0.007396679530740662,0.35948080197513943,0.6566210280082736,0.3987207846392629,0.5995671788675055,0.8103215584002894,1
-0.12790458214116784,0.28900130161012144,-0.7755700568785159,0.19245804439736933,0.015366610278751715,,0.4387004039174905,1
0.2615223760939421,0.3430069971344263,-0.624622921523285,-0.743212252382853,0.33913666554668176,,,0
0.20628771359814976,0.09060071682725679,0.5901455213918598,0.4531459248533663,0.20492377573048048,0.7682092953042549,0.6731611433032705,1
-0.27447451531282413,0.11526069266362933,0.3455997820129803,-0.954838833283578,0.0008456220676684556,0.5878773528662082,,0
-0.199390182703976,0.5097776652597408,0.7511154158688182,-0.4437775831084623,0.15393617530330606,0.8666691501771702,,1
-0.13019120041145288,0.7486917498406034,1.0057007295974139,-0.13983235406679925,0.009510961499544907,1.0028463140468802,,0
-0.058857945457108665,0.005969657173121872,-0.08247112468896461,1.0036357271975846,0.21557315794945006,,1.0018162142816338,0
-0.04588442536627005,0.006025114616548159,-0.1932746252866282,0.7777763254755262,0.4675483763234146,,0.8819162803098297,1
0.3481191128447242,0.17299952634709254,0.6085206411995624,0.826104878274718,0.3561010427444253,0.7800773302689692,0.9089031182005692,0
0.12301913428314844,0.5074518885660743,-0.8068482187823098,-0.15651339620838908,0.023573147856964228,,,1
0.02011832034815191,0.4200025850997013,-0.6674916106573293,-0.7622615665007483,0.48641444330238104,,,0
0.09312392194104376,0.009314036024935121,-0.12121253617694758,-0.8842662037572149,0.5088551106552258,,,1
-0.045823926717221505,0.21064259908854627,-0.9509910918668543,0.05366190839832062,0.002079957002766646,,0.2316504012479163,0
0.003245900336357793,0.1143581138232056,0.7830845107506565,0.006971654402401904,1.0903352582015803e-05,0.8849206239831099,0.08349643347114837,1
-0.12646235735029351,0.4194679822563566,0.6778974416423867,-0.7353351123687331,0.4133661319830052,0.8233452748649176,,0
-0.1492314231731296,0.052386086070057306,0.6649501855160086,-0.46309664952167906,0.035105140711189496,0.8154447777231814,,1
-0.3662841791111128,0.06700413931071676,-0.42496392687410306,0.8935430874072917,0.7302178710743744,,0.945274080575201,0
0.0034915949675466277,0.010754010389325988,0.10741784565123558,0.9915632404194615,0.3892761576065907,0.32774661806223965,0.9957726851141587,0
-0.30942832428850553,0.030230027276875352,-0.4960664082340198,0.8690399727543299,0.6557208502473191,,0.9322231346380168,0
-0.1090364601866339,0.4418472900470906,0.8482650516988576,-0.16860429565262824,0.015117157475981613,0.9210130572901003,,0
-0.02022817876577293,0.15430795850391302,-0.801205837796528,0.07519169154280046,0.00400823109128638,,0.27421103468460284,1
0.04862602257015271,0.10105018020381681,0.37130695012360787,0.7336668174379554,0.4985763939804758,0.609349612393089,0.8565435292137553,1
-0.2464455882527055,0.15467157000816287,-0.8495773028932521,0.4171446495924329,0.06974136623641124,,0.6458673622288348,0
-0.0032781581694693515,0.02555742299104219,0.578543888297027,-0.7765229255999441,0.5271460410122765,0.7606207256557154,,0
-0.37320919846413936,0.1622480443400125,0.4072817642736885,-0.9850258166490898,0.6392043738803467,0.6381863084348398,,0
-0.05908817066212827,0.010011220079176089,0.25747126340422055,-0.9738910987880712,0.09242792747991885,0.5074162624554129,,0
-0.0134314620322798,0.5429874964667527,1.0140408486704555,-0.1428094265823881,0.014128929221590727,1.0069959526584282,,0
0.039183364395626696,0.012795992414397986,0.18605950158749904,0.681524488852403,0.1962058788548405,0.4313461505421128,0.8255449647671549,1
0.27136750480874683,0.30607439145118603,-0.5565593268751824,-0.8942774226641723,0.04967870105881249,,,0
-0.2328043658834528,0.10531015347619191,0.3273778410198106,-0.7960026576973155,0.14134877428202572,0.5721694163618067,,1
0.021208487146417786,0.0195376442669362,0.7807304256996744,0.059775740653895744,6.777089118809828e-05,0.8835895119905365,0.24449077825941767,1
0.06107604096384518,0.17505436224874146,0.4272943605214431,0.6864679634207896,0.24606461546034678,0.6536775661757431,0.8285336223840223,1
0.0007599737876437671,0.0007419568110475035,-0.03823185783335718,-0.7325462589737524,0.4572928876780473,,,1
0.13632638810888012,0.4904113025591514,-0.896003228808292,-0.4024969328382722,0.022671982646396367,,,0
0.01411204568050507,0.4504829687647413,-0.7168243618062093,-0.3320987317397739,0.09659420191400832,,,1
0.18662519853882348,0.19220469157160322,-0.588041630442924,-0.5688649939979086,0.09005382229412755,,,1
-0.16845536428836896,0.07126462824505983,-0.619193305343146,0.4697467153549366,0.0430009211367968,,0.6853807083329211,1
0.2973518262237048,0.30076076785060274,-0.7627796981895789,-0.5718204809946894,0.14853432158465643,,,1
0.17236855210707402,0.05138182948003249,0.7154213715506973,0.6322652333613625,0.11185538252553676,0.8458258517867004,0.7951510758097247,0
0.25032403663748903,0.27439550401441615,-0.6075158884314031,-0.43847060494183965,0.05224286683781111,,,1
-0.18532581079175098,0.030096643528179538,-0.2220725092412683,0.9470271819362663,0.40053456168736096,,0.9731532160642877,0
0.2942763036751148,0.08188041853616371,-0.6932133336015773,-0.5630505550142605,0.1094291334576936,,,1
0.011468765360042491,0.4434917529504502,0.9177973026987657,0.3211549028625317,0.07281868443894263,0.9580173812091124,0.5667053051300399,0
-0.06155692479569265,0.21676618754374072,0.9144971081755474,-0.41545121740956814,0.06425114855419514,0.9562934215896015,,0
-0.27043720934184207,0.15927442720291546,-0.9666243171913255,0.3291724963831301,0.08909607153017252,,0.5737355631152126,0
-0.10807530027462403,0.4325272272551314,-0.6947050999635497,0.16371099438560274,0.0011086175454697426,,0.40461215303745235,1
0.0665616842510774,0.006907192880911327,0.12619177300454598,0.7438265745166097,0.3871352682172157,0.3552348138971545,0.8624538100771598,1
0.1274530523645561,0.02154849893381253,0.2595111163764163,0.9804974110956824,0.3459436057689878,0.5094223359614459,0.9902006923324597,0
0.3457962901675252,0.1449153747905395,0.8927106280038777,0.6267626707703697,0.29512495088615165,0.9448336509692474,0.7916834410105908,0
-0.1885872092071269,0.049909001789761785,0.384775461352733,-0.67395180581972,0.3404176061279944,0.6203027175119685,,1
0.22523641008228878,0.11128877183375413,-0.6870467722679835,-0.5515722817962461,0.23847282113100202,,,1
-0.1545518198157001,0.08278663809877136,-0.31849971969491936,0.7170355372284222,0.40319547983428156,,0.8467795092161963,1
0.04238868809801763,0.1257956263909199,-0.4126975937150242,-0.624019443750197,0.14341836866872892,,,1
-0.09751302108123412,0.49185318288259966,-0.7827831662335509,0.2623806628568334,0.05257571608942887,,0.5122310639319265,1
0.04623698154154164,0.0024656046575557786,0.08836267122923537,0.9405946640972795,0.6261005060827637,0.29725859319662296,0.9698425975885363,0
0.14061675824183423,0.08990266608257057,-0.3214244506844696,-0.6058714807259354,0.28241884312732257,,,1
-0.04836252531312708,0.057239143391540154,-0.6959256370411727,0.0709572232126404,0.002918654902336064,,0.2663779705843567,1
0.04396254474302711,0.0002156702334350527,-0.07010456402230104,-0.8203139555197068,0.6506767798921272,,,1
-0.3719134835222781,0.42642542346970636,-0.832151962166224,0.48832747877027105,0.01762202042785554,,0.6988043208010888,0
-0.04174521860104717,0.10800194494951293,0.45243606162188843,-0.8149627182040284,0.5475209789223878,0.6726336756525713,,0
-0.049601779906130905,0.007702738030534755,0.09491931427628043,-0.8497792123551761,0.4988885881746996,0.308089782817088,,1
0.13816945745350911,0.6501816636662264,0.8567474569038352,0.17011548748374936,0.014766335420756399,0.9256065346051935,0.4124505879299354,1
-0.08518504598918812,0.16851808587917155,-0.8701506970175407,0.4617320403913628,0.18171882965126415,,0.6795086757292822,0
-0.030581028599491238,0.23993074525042266,-0.8827915104783925,0.22348823669477497,0.02397676828879808,,0.4727454248269093,0
0.3069170258203288,0.3783162422462793,-0.8576997527994319,-0.4558602401134141,0.13379776719918055,,,0
0.037065667049308526,0.0020947096253678688,-0.13509237134108854,-0.7095428358909744,0.44427966762230037,,,1
0.2652435838038019,0.10646397563902923,0.43838134291081104,0.8484737094422704,0.5595664990489416,0.6621037251902537,0.9211263265384778,0
0.07306426375163705,0.16543199907202963,-0.42357570650607757,-0.7650712088457572,0.051212182186276135,,,1
-0.026635706454499395,0.05742167558097123,-0.6213132303923125,0.554362495737598,0.05016379360911605,,0.7445552335035984,1
0.1941851448572439,0.21339128519248396,-0.5616809594116305,-0.6438861993443111,0.16624365468172453,,,1
0.18403692653712375,0.07209297206921339,-0.3889174476559618,-0.6309322661034635,0.0011308268742543557,,,1
0.0506330596969748,0.13346824305159724,-0.6529415991877918,-0.6512329987259151,0.32007463456636004,,,1
0.44990377421914024,0.6082909526471254,-0.8831550514153708,-0.6000975175016282,0.23459942816677576,,,0
-0.2623317446219532,0.2232668015602768,0.6169523194258286,-0.4503008539033952,0.004441118878322129,0.7854631241667738,,1
0.07912807141419478,0.20812752777787716,-0.7969481302505025,-0.2257756930728957,0.045005460617120546,,,1
0.1849094053653523,0.24144288113323786,0.8618814620151494,0.298845922438218,0.07153135917007629,0.9283757116680452,0.5466680184885686,0
0.2591493509531466,0.09128597738427634,-0.512490742078799,-0.6869538395533468,0.2408002985460865,,,1
-0.4932183421070822,0.3279052237531836,0.6966860406873921,-0.7252402294911452,0.46956403790384293,0.8346772074804679,,0
-0.13520931921524185,0.268556175550201,0.5741069019463422,-0.787802726712835,0.5176006054451157,0.7576984241413877,,0
-0.1456707881200647,0.32899296440518466,0.7418690997545675,-0.5486524904445405,0.19803860396716452,0.8613182337293037,,0
-0.028058482217709946,0.8189269467382297,-0.9572812531579115,0.2535822198620427,0.056350143993371606,,0.5035694786839674,0
-0.17553317297110196,0.04538855319378811,-0.62109332069036,0.523271153380818,0.2623842856740476,,0.7233748360157533,1
0.0321625810616155,0.2551565338121038,0.7619131645661188,0.2728198531140397,0.01467446806672979,0.8728763741596623,0.5223215993179295,1
-0.08433477289699096,0.0018815135484615553,-0.7957881715431167,0.5526960794537621,0.26025592985819984,,0.7434353229795865,0
0.07394171925403699,0.4933521026905944,-0.9305634433291919,-0.1759562546636647,0.0009150677758116058,,,0
-0.2602104949128057,0.13084693421663562,-0.4717855575679766,0.6517027167845744,0.213640180416586,,0.8072810643044802,1
-0.04021258410507177,0.013121874205187326,-0.7384373908971301,0.19047784191190634,0.0022051329925481295,,0.4364376724251773,1
0.23886671989009245,0.02963312028053048,0.3095580344943577,0.9792634518627082,0.8491340380715384,0.5563793979779964,0.9895774107479961,0
0.19740240494010497,0.035026892983803966,-0.3229587096300606,-0.6269416163880974,0.35374108986612607,,,1
-0.0638091962006731,0.6471506819473666,0.8391073512518066,-0.5290506162721946,0.0551895525192837,0.9160280297304262,,0
0.29700429953058544,0.5873914138442169,0.9780068942316186,0.4410615953373492,0.1638580428378796,0.9889423108713766,0.6641246835778273,0
-0.15794093603398054,0.4718511463070429,0.8286429429343645,-0.2488507353809108,0.03577816443865062,0.9102982714112801,,1
0.008018405030255525,0.2430985409770001,-0.8018583108458122,-0.06855964137881197,0.000799195886115781,,,1
0.0061534457521761066,0.45954918756513935,0.8285570296743878,0.03258623784268621,0.00026942157638746103,0.9102510805675474,0.18051658605980286,1
0.0041447510809966975,1.3331760110713929e-05,-0.007665089588129878,-0.8549570224754969,0.7077438171255507,,,1
0.22124873894723202,0.3207849542682688,0.5912834898893369,0.45877429461984565,0.2050512291305261,0.7689496016575709,0.6773287935853943,1
0.2811477748936899,0.26274775363509073,-0.5336064302952779,-0.5755857132891014,0.007942733662823446,,,1
0.25248455817712084,0.737977432552376,-0.8779209305468849,-0.4210055529319998,0.022883515154181477,,,0
-0.1925231754938603,0.045710898526057024,-0.22564497350037666,0.9388159801263263,0.8676040555843008,,0.9689251674542912,0
0.08429106070027184,0.0020386334370542567,-0.09819968303903649,-0.9784728887930185,0.13039729866145452,,,0
0.022627672548891805,0.1564361502803607,0.5550875297576737,0.5834914696631562,0.030958589908969367,0.7450419650983922,0.7638661333395769,1
-0.16630573412618802,0.06529305879081965,-0.32923097103152976,0.6837896952975969,0.09159968700569615,,0.826915772795269,1
-0.02031782113466611,0.0010866382336000516,0.03537877879485443,-0.8073981631009339,0.03496637395911748,0.18809247405160695,,1
-0.06108565092774409,0.010110162208086602,-1.030722224982105,0.23571701077574875,0.013847866538364825,,0.4855069626439447,0
-0.11799735415321651,0.42225916952391207,0.8058043490621254,-0.18269790926772786,0.008971065883082115,0.8976660565389144,,1
0.042081758637575406,0.0018882243255840267,0.10860766920624663,0.7578112143567046,0.1700172420255846,0.32955677690839047,0.8705235288932198,1
-0.005140602973923486,0.6935921027132869,-0.9625815480468864,0.010297406219440211,7.198530688363535e-05,,0.10147613620669745,0
0.028607441391651032,0.10066936003108831,0.5004235487714122,0.5775098567877892,0.06800765942970313,0.7074062119966237,0.7599406929410935,1
0.17082568739854864,0.03083224954224341,-0.2350815996402491,-0.9784153445014786,0.921345234049092,,,0
-0.38700918500485876,0.0847059702511803,0.8869149367825208,-0.5206859014776982,0.22923471560316852,0.9417616135639214,,0
0.0443087980718109,0.4542752128517999,0.798754981353267,0.3145884501504815,0.08719662553015546,0.8937309334208293,0.5608818504377562,1
-0.03031636844990882,0.17647161904437408,0.7552510272190198,-0.6706662461806265,0.1397760281003514,0.8690517977767608,,0
0.01750372061471534,0.32390282577914964,-0.7517911547266165,-0.2847921015596677,0.0371019670459615,,,1
0.3741285296868276,0.1555197628442072,-0.5057779889169017,-0.7913324076669752,0.40104408956196186,,,0
-0.15370966285872062,0.12113233232905836,-0.37893477940021575,0.8177966162771776,0.12308644315259169,,0.9043210803012266,1
0.03580320759668646,0.13020705660019147,0.44004543546186986,0.6591304851883559,0.3832240990942308,0.6633592054549856,0.8118685147167342,1
-0.46343519638517344,0.4144700377138402,-0.746761375372219,0.6263535345540661,0.20227612018321614,,0.7914250024822731,0
-0.008180305529063823,0.22572489448730643,0.8514690438211061,-0.0220354897101966,8.892584979512215e-06,0.9227508026661945,,1
0.1196300251851747,0.04734327218787936,-0.8531738748641217,-0.5586820369659932,0.186396685519198,,,0
0.36066627955278163,0.21166153304346366,-0.6946450961046962,-0.7206648242135261,0.21779623588360514,,,0
-0.3519037990041893,0.024412684380374666,0.7449603113096313,-0.6657463071662116,0.018040567048192537,0.8631108337343654,,0
-0.013493787182619538,0.34333607665166804,0.7979853598826525,-0.12840927431037616,0.004953309214262445,0.8933002630037968,,1
-0.010553797853347925,0.3605806753616486,-1.0208648552365949,0.0935115981338793,0.0036540640558514643,,0.3057966614171569,0
0.025964092278952793,0.6022033034323292,0.9337754909975338,0.3087831361699647,0.07497742173538656,0.9663205943151236,0.5556825858077296,0
-0.03249760336933456,0.0046738453244291375,0.09504633182837438,-0.9603072869857455,0.10571185843943903,0.3082958511371413,,0
0.08865643105411743,0.3671088129877354,-0.7485202004074185,-0.2807473499487371,0.05661280470055878,,,1
-0.22032271958586666,0.15641743678058265,0.4102190862907128,-0.5935463515906118,0.29914127098005433,0.6404834785462563,,1
-0.1927305798575739,0.026751200131212915,-0.7193846291210145,0.3713294639360625,0.03943937644105251,,0.6093680857544662,1
-0.2165248587729468,0.08430178986407195,0.39971867601118954,-0.7264647713602417,0.04002390214622468,0.6322330867735328,,1
-0.18895503546721046,0.019220236565554213,-0.2383358770953756,1.0079026234139274,0.800304863968782,,1.0039435359689943,0
-0.048613318442981925,0.02763199314946491,0.3145844631261065,-0.7025799613803912,0.44343403366184725,0.5608782961802913,,1
-0.1820729477579797,0.035579756091954434,0.2947572780523701,-0.9699674537407574,0.4530181544250489,0.5429155349153035,,0
-0.2560588066408123,0.4119343588104129,-0.6582397860218898,0.5377575590031858,0.03142674328405972,,0.7333195476756267,1
0.018602159291486602,0.012262554992058914,-0.24853898706661529,-0.7327958654718608,0.14748402905549796,,,1
0.10678278531222962,0.5225009853612859,0.7557707617589423,0.2954157504301238,0.0644424173549187,0.869350770264191,0.5435216191009552,1
-0.3221419284684326,0.09411712060043144,0.4549934179659995,-0.8760665929486043,0.20216371757424773,0.6745319992157522,,0
0.0693638966412098,0.03279153005199315,0.46918333445729143,0.6160089966702171,0.1528083297615499,0.6849695865199356,0.7848624062026522,1
-0.1031848879322927,0.13143834965240336,-0.6721467449557437,0.33242311530145463,0.05766203502364198,,0.5765614583905645,1
-0.26162633719069484,0.10187989719977485,0.4299887582499863,-0.9151509984180697,0.552485888815507,0.6557352806201495,,0
0.05944253656589874,0.10353991398577563,-0.36042285505112,-0.9247231312143199,0.18449750904295678,,,0
0.022736411754075477,0.007213420689729519,-0.13688650045171133,-0.9487417394756945,0.022355473747305458,,,0
-0.02077935087088917,0.2361179927177595,0.5614226806545847,-0.5464322439991866,0.24116875498038276,0.7492814428868398,,1
0.07291665922942905,0.3912826002475922,-0.6285925073284958,-0.6206167961202218,0.2946208628903515,,,0
0.4123501535784071,0.006000641939498035,0.6466252369531511,0.7775392857121054,0.31285179798619983,0.8041301119552426,0.8817818810296033,0
-0.38327993787723574,0.39933989891315347,-0.68610027109795,0.6905324218927317,0.2031940353492755,,0.830982804811707,0
-0.09115395564273782,0.07706527301875603,0.5931536702661515,-0.5007797185619182,0.24567481858966034,0.7701647033369885,,1
0.04576480738336157,0.002545683055115413,-0.09106866116712567,-0.8171989713110305,0.48877572601425395,,,1
-0.2769051298383737,0.08290093073090017,0.48291350777983955,-0.69906369985564,0.09255926830829622,0.6949197851405869,,1
0.42020271552517335,0.5846159445655298,0.9886315617072327,0.4323613912131228,0.033130514347269616,0.9942995331927058,0.6575419311444121,0
-0.1945732177284428,0.06351340509838667,-0.2927083975867322,0.7138739590239427,0.08212100663491798,,0.8449106219144974,1
-0.2653318522873586,0.24172345974317191,0.967528699376014,-0.36926870090159,0.04994017448038728,0.9836303672498191,,0
-0.31384307835472747,0.23514843018987602,-0.5037637000653893,0.6516243334672828,0.16102695118419275,,0.8072325151201993,1
0.1613022320418464,0.38549288276585997,1.0432827310417765,0.2442070903193288,0.01932469515042522,1.0214121259519962,0.4941731379985448,0
-0.36707561899335717,0.08654864461503749,-0.5467275534761575,0.6944147490109138,0.23454400904533815,,0.833315515882738,1
0.15219351053290042,0.05853887400297969,0.7011183346116755,0.2719844788248467,0.028293278978644473,0.837328092572843,0.521521311956517,1
0.16965602723772946,0.11786459339518479,0.37769518736193497,0.8713305415783567,0.32166338783295745,0.6145691070676551,0.9334508779675322,0
-0.01675204971800397,0.3003721612678933,0.5555495009759308,-0.8367432842488735,0.021990050269009596,0.7453519309533791,,0
-0.11784286548247026,0.004699125671990966,0.2013178879341602,-0.8043128038558305,0.1407537949222052,0.448684619676405,,1
0.4469736240192283,0.24018530126070922,-0.6238486681792808,-0.7390815923771855,0.10284947854496115,,,0
-0.10848517488216947,0.03132428442002734,0.33548091507510447,-0.6586897764685078,0.07997750891657074,0.5792071434945398,,1
0.05716056957234108,0.061580622175279466,-0.5009140980267937,-0.5501751592750936,0.02507684496248729,,,1
0.018898289209865648,0.004946657150735325,-0.08951594902657477,-0.832582353969083,0.08355694494779208,,,1
-0.01927998840817918,0.0013173141762024422,0.07658589113982707,-0.9148690774158279,0.1649100998323435,0.27674156019620016,,0
0.006222345904056328,7.586322576957492e-06,0.017512845511697545,1.000175210118018,0.7886042648322331,0.13233610811754115,1.000087601222022,0
0.09394989167974739,0.28833795044742266,0.7787544937100016,0.3042455533648287,0.08157354178056306,0.8824706758357479,0.5515845840529163,1
-0.22459193108796777,0.10180106282643443,0.3259047469712251,-0.9260654796795289,0.6354216955647497,0.5708806766490044,,0
-0.14652149444411813,0.3955715105087337,-0.6662434584434581,0.6468426080020376,0.2952720310518555,,0.8042652597259424,0
-0.35377142264150496,0.5171238197876349,-0.9011252164255197,0.4028752052723477,0.13276769653995316,,0.6347245113215242,0
-0.07924824251721814,0.34121983911753184,0.8969785679902362,-0.5101466991365247,0.13999913712125378,0.9470895248022946,,0
0.052730518734667796,0.037820410918463374,0.43985720609925555,0.9308462634758052,0.09568370673982729,0.6632173143843996,0.9648037435021721,0
-0.031045513835106526,0.00030764407338748867,-0.05506423525434284,0.79821258868633,0.3300072975491148,,0.8934274389598352,1
0.0920538737229488,0.3728362168851571,-0.6367418088818243,-0.5638488695600542,0.09410556351007805,,,1
0.23241885485823321,0.01285448213699948,0.30413421890105297,0.7803546643701402,0.45614751024115524,0.5514836524331913,0.883376852973939,1
0.025941400621852587,0.24395516168167267,-0.727119509232913,-0.037593296313480906,0.0003743889450963524,,,1
-0.018985015535719775,0.41926244668580603,-0.8518477744075619,0.02248442616550296,0.00025275329147449405,,0.14994807823210993,1
0.24563833689559283,0.00560604393725967,-0.6576383536147569,-0.43038166927337435,0.11075055970079477,,,1
-0.036107698304274696,0.30829178957810893,-0.7055156839414656,0.7077169551745617,0.2602375357180503,,0.8412591486424155,0
0.22267552902397958,0.12578630190161078,0.5361914857085331,0.935151182693567,0.5221930754403814,0.7322509718044307,0.9670321518406547,0
0.23282477886629868,0.28095032413982396,0.552372455537307,0.5234597710093006,0.15821812393165913,0.7432176367237977,0.7235051976380685,1
-0.07571494916316156,0.04755150678662886,-0.5472243199063025,0.5665542171753702,0.08520690314463923,,0.7526979587958043,1
0.29256977686775326,0.49317193887057426,-0.8242464622112853,-0.49629436599776827,0.2156572198592388,,,0
-0.0284916126654799,0.2070857630107644,0.6438853307659714,-0.8261306348210363,0.17667797576665606,0.802424657376611,,0
0.008827527103681013,0.002129339741809167,-0.05308530882785331,-0.7692431504292242,0.4998472311944587,,,1
-0.13138531102300083,0.005733452514864838,-0.2061654938051793,0.7681527307913577,0.0552713393015632,,0.8764432273635057,1
0.009325035126855553,0.000518788239748967,-0.043224503916034065,-1.0102558058131028,0.7429076783845356,,,0
0.23093849949864895,0.0048104178473061905,0.8670832845740051,0.3517591651922899,0.021599103769215464,0.9311730690768527,0.593092880746591,0
0.008839049852913288,0.0021153216842878016,0.06863114469105,0.7874176980090284,0.45839022896268555,0.2619754658189389,0.8873655943347298,1
0.16880758839838786,0.03511266783180681,-0.34966883922332836,-0.7526796386799721,0.3932759940829925,,,1
-0.06776847710977853,0.01601254729384183,0.17553667157558062,-0.9442928353824064,0.5053134993691142,0.4189709674614467,,0
-0.28629930930426406,0.058337914959558985,-0.41485791565690533,1.0054507987338812,0.329016976929883,,1.0027216955535974,0
-0.208123201019812,0.008870191366513512,-0.3807790437136005,0.718563194234145,0.09013182256348963,,0.8476810687010445,1
0.2354242250896742,0.10950756008483827,0.9417627260019793,0.349543383132892,0.011542479357094376,0.9704446022323888,0.5912219406727832,0
-0.2583160866092529,0.34187925326116314,0.9022132871118138,-0.37019483646985973,0.0801244275377191,0.9498490864931196,,0
0.17441188643814107,0.37739067280587957,0.9604036350831009,0.3353987839637547,0.07665526412757989,0.9800018546324802,0.5791362395531424,0
0.038020582212347394,0.6247356713661907,1.0478197994807215,0.11360527878495956,0.009897576947057798,1.0236306948703333,0.33705382179254334,0
0.17850171405798101,0.051921819104593495,-0.5194146958312285,-0.6150005507633663,0.0477361020141647,,,1
-0.2739330212934192,0.06743225790532406,-0.6296702200329568,0.9050029461492655,0.1532055817647317,,0.9513164279824382,0
-0.10976333352144899,0.22412785614546066,-0.7621109897423489,0.27743616164821466,0.03637110037112457,,0.5267220914753953,1
0.2717486598260784,0.03244807292163433,0.30364114003076614,0.9397227226485708,0.3641013484409971,0.5510364235064377,0.9693929660610143,0
-0.0033513246552545287,0.04772683029163637,1.0269058055128812,-0.3287636870116683,0.06995648045603911,1.0133636097240128,,0
-0.2575402851570184,0.3209978160970263,-0.8670404309407064,0.4047923381560901,0.09243282720559008,,0.6362329275949887,0
0.0038224654841948506,0.27032458715754754,0.8436971184656716,0.08214873653840894,0.005168965354663625,0.9185298680313404,0.2866160088662337,1
0.08367350958101077,0.1286240871885889,0.7191944180414709,0.3667081787777078,0.08946253919544446,0.8480533108487172,0.6055643473469254,1
0.2860458626956671,0.21389349374314467,-0.8763926517447101,-0.5236044203737694,0.12602245258513275,,,0
0.3069165702562173,0.03305628957035,-0.36013563775785773,-0.9699530291157251,0.5718661789187686,,,0
-0.056972088417008133,0.03751140520964616,0.230222763915687,-0.9168023083451982,0.3441349047042129,0.4798153435600898,,0
0.10753275722702214,0.018398701622325646,0.17588616859372413,0.8990745779653315,0.27781553240029994,0.41938784984036453,0.9481954323689455,1
-0.01113415899588246,0.0009216568982743806,-0.046867939155172095,0.8434254037263331,0.5289067958193179,,0.9183819487154204,1
-0.09774153520547366,0.2579245633250009,0.714107427537749,-0.15920120682186562,0.012031276393244692,0.8450487722834399,,1
0.015527205943933978,0.0004470966567595563,-0.04956927879919143,-0.7600086751832754,0.11019063852601536,,,1
-0.14394859483093767,0.00016529039420889782,-0.2299376069285081,0.9699871037453995,0.2868430902215618,,0.9848792330765227,0
-0.0009764298058870069,0.5929607313588354,0.8035456461504225,-0.006002694149914514,2.184950822620245e-05,0.8964070761380805,,1
-0.21725711042798979,0.02372056057938918,0.24167194259131333,-0.9611527126895032,0.18509046998659162,0.4916014062137265,,0
0.15781459315061266,0.2626246449388619,-0.5596189846076145,-0.4136815815630611,0.0279965128782754,,,1
-0.04149051413187818,0.15324531920417833,-0.7789221945332573,0.5908028803392908,0.2636211949899409,,0.7686370276920641,0
-0.00034229985269347736,2.755144647713468e-06,-0.0018605411181814857,0.7603418914849109,0.2985370931769233,,0.8719758548749563,1
-0.29842759771930144,0.5783391570364824,0.8681092273875137,-0.4433019808819646,0.15015126042118135,0.9317237935072356,,0
0.02482531543443531,0.004597519795067305,-0.8456920920142819,-0.10185017307672273,0.007139862418580213,,,1
-0.06446755300499234,0.37822865905613373,0.6296729026475607,-0.366721848973282,0.13299196857218293,0.7935193146027139,,1
-0.003128302597770996,0.1447693879690982,0.7513538511324861,-0.3429178798517897,0.003199190443359272,0.866806697673989,,1
-0.2764092121671087,0.05473873825716779,0.40831385968451706,-0.8276511865318579,0.17095047063425334,0.6389944128742575,,1
-0.05532809310784064,0.041173980222152524,-0.26295675465639207,0.7811405015684664,0.591180736780368,,0.8838215326458541,1
0.10814085981411883,0.10059873027715026,-0.3745811727649832,-0.6210153768987572,0.060534091688718615,,,1
-0.43094002393888475,0.27986838353007343,-0.7621540075162838,0.7043723555383348,0.15755232431147875,,0.8392689411257483,0
-0.2042168415322541,0.6293314053500106,-0.8110190646233216,0.2581897642991051,0.056871527016392066,,0.5081237686815143,1
-0.4044015915164305,0.4315264313093,-0.7859534027410576,0.6941399434197028,0.08706527340833345,,0.8331506126863875,0
0.10992368164400865,0.5437099718347073,-0.7532252149722309,-0.311517664790595,0.08388846497693755,,,1
0.003468866690294801,0.46455453032934724,-0.884799490096803,-0.013924541473268381,9.370803352850788e-05,,,1
-0.2965194730425222,0.2590252096628165,-0.5796733651658368,0.9170892401472736,0.08954108755204826,,0.957647764132133,0
0.07992497508109934,0.29329412897434987,0.616716384726312,0.4455601246548091,0.03138023304654351,0.7853129215327556,0.6675029023568431,1
0.032608518368143755,0.22654610465228828,-0.8535491792616494,-0.4065413711915316,0.13629551552547825,,,0
0.14479862037811095,0.03395680937664251,0.6225549769285872,0.4039666437606863,0.10174853448695016,0.7890215313466339,0.6355837031899783,1
0.09144675468183834,0.520688866090841,-0.7433015124973424,-0.20421426493859496,0.0383166395889295,,,1
0.13418874277892756,0.5568581715485693,-0.9137257451975532,-0.4582049795174618,0.20991983180630908,,,0
0.051715561551995595,0.30195108301406054,-0.9317147819240544,-0.1185978863420673,0.010400106225334578,,,0
-0.06103881974735854,0.011603050335900025,0.1252603073276757,-1.0930419908623579,0.7973823435518788,0.35392132929180137,,0
-0.026059888896417083,0.2449839598042005,0.7458937174208882,-0.0722359982148,0.005157735268206099,0.8636513865101405,,1
-0.05932134337705197,0.004922043843902039,0.08182039164772287,-1.0088953850783402,0.26447028232365405,0.2860426395622213,,0
0.1932214735106032,0.05371606108104763,0.7571568662790045,0.6550210253207505,0.10221144663510515,0.8701476117757289,0.8093336921942336,0
-0.10538853603744966,0.11489970650308352,-0.8107952220869576,0.5119896235745008,0.2232243768018693,,0.715534502015452,0
0.41269213135084726,0.23499431569816315,-0.6754244858002453,-0.7404327438332023,0.31819493613077704,,,0
0.0240484907896259,0.01868780249136704,-0.9052598678021968,-0.04051485044664743,0.0014566603956279432,,,0
-0.4733029747950468,0.05618316397488591,0.5949158302192714,-0.8153704923207441,0.1545002851167662,0.7713078699321506,,0
-0.21176894550619,0.33942114546529756,-0.9920299243365664,0.25234994381784237,0.011277838669275241,,0.5023444473843046,0
0.05724629541320599,0.3337874435887197,0.9136280193199187,0.07409479754394763,0.0028956411752016965,0.9558389086660569,0.2722035957586667,0
0.19614196700655995,0.04627865975816647,-0.6434781108288768,-0.3664242170881009,0.03348566829376602,,,1
0.027014965741415358,0.013156219259817825,0.43703505214161514,0.6930666579078111,0.4280331007015095,0.6610862667924778,0.8325062509722141,1
-0.07717655052818537,0.017985795768921876,-0.15686665524784188,0.9729154637105618,0.6233779510865143,,0.986364772135827,0
-0.38829971521111556,0.06457186565662826,-0.6437337003945318,0.8680280879038403,0.3126180701553399,,0.9316802498195614,0
-0.09906223365497871,0.1326961595600107,-0.9846668728484144,0.14019889252672543,0.018859142732285613,,0.37443142566660376,0
-0.41377038316074155,0.02771125670924041,-0.648527914571852,0.8431490824397561,0.16236158674767223,,0.9182314971943383,0
0.18086873214129756,0.018512154050327707,-0.2839996637917116,-0.8271117137003345,0.18839240244978495,,,1
0.20136139354494953,0.05790479727006902,0.978765967586328,0.26726948060827377,0.06051834003588759,0.9893260168348591,0.5169811221004823,0
0.046049950893213745,0.008556311385318972,-0.10417848585751933,-0.7009623835293424,0.2892937258342356,,,1
-0.3379662659273467,0.14594416852410427,0.41283283250526887,-0.8706366344926808,0.20454641789618658,0.6425206864415097,,0
-0.02911478283283544,0.0286628461463873,0.1963498211913218,-0.7289716082659521,0.14712499124726963,0.44311377905829313,,1
-0.013660430860337486,0.27240587500213786,-0.7728926628601364,0.07117830214651158,0.0013931955948993185,,0.2667926201125353,1
-0.022479441504456316,0.012318837806627434,0.7811333490694836,-0.1535093783819641,0.021824618096837067,0.8838174862885909,,1
0.007339274964257971,0.43051123915741407,0.7348844974032527,0.010369066857493735,3.753731370808079e-05,0.8572540448450813,0.10182861512116197,1
0.01449648599505796,0.2813133661515483,-0.7967513152770784,-0.0757511051518819,0.0019316155780710507,,,1
-0.17866968260809002,0.1087472609524528,0.6416093585633652,-0.3985241018477519,0.01384207554927832,0.801005217563135,,1
0.036916170013166806,0.07219596027292956,-0.38970250186301175,-0.8936856125358645,0.12616785048657306,,,0
0.24728766460454674,0.22461965187563032,0.4907193285591847,0.8873669658962076,0.3336608984997667,0.7005136176829003,0.9420015742535718,0
-0.14149074710728357,0.005315289310101424,0.18629375008924592,-0.9628918207480772,0.071267959285359,0.43161759705698505,,0
0.43201499885956,0.045364362910877545,-0.6974090046866814,-0.752071382097261,0.2308845623278449,,,0
0.019437703402570145,0.024387991231449174,0.31581500128448425,0.7029179155779652,0.1177665468598258,0.561974199838822,0.8384020011772189,1
0.04352276291435565,0.35642332460991716,0.7291790129245163,0.23878600652056303,0.032749112418240994,0.8539197930277271,0.4886573508303779,1
-0.10166986767939235,0.04626491835949444,0.28718719752995986,-0.82745720090723,0.3804539385792396,0.5358984955473937,,1
0.18479094393979684,0.03864909289481558,-0.32579825383940403,-0.6600440349223363,0.25096279761913104,,,1
0.006636012021227737,0.4437030247394899,-0.9689617598729495,-0.02707642395374514,0.00023098557787418276,,,0
0.1986068580754125,0.30389701730100394,-0.6944171931696715,-0.3518977834312073,0.05346091355749808,,,1
-0.19096709702770273,0.06307915916109191,0.34960340804288975,-0.9327878807784941,0.11676709601258407,0.5912727019260147,,0
0.12789703360128177,0.0017226456078475129,0.2502826841999877,0.921502726852984,0.749839299921328,0.5002826043347777,0.9599493355656766,0
-0.042758006448026485,0.004902293549499073,-0.1556556370926325,0.7562181192173858,0.4147069620180002,,0.8696080261919078,1
0.3160454185686862,0.07101504021744655,-0.4767242446793568,-0.6776784585669465,0.254779280942051,,,1
-0.3108877035472236,0.47175589416336955,-0.8323568105388133,0.5171748420008204,0.04730460470473811,,0.7191486925530911,0
-0.0002449315328323482,0.1678434580160543,0.8088983665640468,-0.030614046963388132,0.0005299621739907485,0.8993877731902112,,1
-0.0884392727460998,0.39587574593932157,0.7737202966416113,-0.17291707905567766,0.026701420302048178,0.8796137201303827,,1
0.182514508261325,0.02434351286834962,-0.23033475293725147,-0.8831960744213818,0.5143012058958241,,,0
0.023634328718838582,0.010164920051093177,-0.7729684997324746,-0.04638680277098028,0.001348972144373063,,,1
0.0026894965689343467,0.5554288580281584,0.7693810624237354,0.012127970852277764,2.612627336350097e-05,0.8771436954249489,0.11012706684679187,1
0.016219149168312824,0.2056969792497255,0.971515258520376,0.270151461152254,0.029770441960625886,0.9856547359599993,0.5197609653987629,0
0.03423045457550809,0.0025083898788522165,0.07591661318412128,1.025837880337772,0.5413931003972345,0.27552969564843877,1.0128365516398843,0
0.14172888556380403,0.01318201721756946,0.18701292035235023,0.9690679728056782,0.835612385638538,0.4324499050206281,0.98441250134569,0
-0.017044011583879422,0.11446167770919848,0.7633543055349074,-0.5572061501380556,0.1485563367019817,0.8737014968139332,,0
-0.08818295474381072,0.01903969118594909,0.22173350172919834,-0.9484191275057026,0.4450532062118834,0.4708858691118245,,0
0.18436227147877812,0.6112101484864496,0.9420120096845002,0.265113195443134,0.06444965114108374,0.9705730316078746,0.5148914404446184,0
0.032607707195565695,0.006412670995676666,-0.3543305433295465,-0.9565081081335037,0.8173586219275342,,,0
-0.015505100766949767,0.0007399785298613757,0.0313055805298015,-0.9805191889917798,0.07623270858708903,0.17693383093631784,,0
-0.07762688067560096,0.08901631663865206,0.6380589980719386,-0.40256573475923363,0.14695257738338288,0.7987859526005315,,1
-0.039092308497325284,0.0020970631145785287,0.0633839963300541,-0.8166246046548413,0.5365611387955552,0.2517617848881241,,1
0.00043986831849947955,0.0008838854868455842,-0.043064810073276484,-0.7623074224104677,0.23925988987436678,,,1
0.14273752671256135,0.26225351937011976,0.6768287938320351,0.7243120211238016,0.5014199351633049,0.8226960519122691,0.8510652273027031,0
0.10693069263152649,0.004430947942124094,0.6931708652946695,0.45777924956133814,0.09634579655467704,0.8325688351690024,0.6765938586488486,1
-0.02436864567675346,0.0012187632434868432,-0.04265258798346218,1.0046659150540969,0.7658492115736268,,1.0023302425119662,0
0.027913249661939636,0.00044951691083963815,-0.04814048888342277,-0.7744198977880147,0.21841583382315397,,,1
-0.03387090458489868,0.2835116503240023,-0.7499154129116395,0.22445900580989495,0.033914984297083464,,0.4737710478806139,1
-0.15832943717569292,0.021278874188854963,0.28505011400979524,-0.7502965628302682,0.370822655636153,0.5339008466089891,,1
0.47020695122201583,0.18343948526138332,0.7508963369087356,0.6535819991439188,0.014946470771215678,0.8665427496140832,0.8084441843095408,0
0.011891428185735003,0.19449346530151154,-0.57311478310799,-0.9445821518237159,0.4835341941226833,,,0
0.006785588294776114,0.4383399386126061,0.7577790391110498,0.2062782521653892,0.022352662931093538,0.87050504829728,0.45417865665989765,1
